Operative type,M,M unit,APL,GA,DF,INV,SV,W,Keywords,Skills1,Skills2,Skills3,Skills4,Abilities,Unique actions / Notes,Archetypes,Operative index,Fire team,Faction
Genestealer Fighter,3,â—¯,2,1,3,0,5,9,"HIVE FLEETðŸ’€, TYRANID, <ENTER CUSTOM KEYWORD>, GENESTEALER, FIGHTER",1,0,0,4,"SYNAPSE
LIGHTNING REFLEXES: This operative has a 5+ Invulnerable Save. Each time this operative is activated it can perform a free Dash action during that activation.
HIDDEN HORROR: While this operative has a conceal order, it is always treated as having a Conceal order, regardless of any other rules. (eg Vantage Point)",,SEEK & DESTROYINFILTRATION,0,Genestealer,Hive Fleet
Genestealer Leader,3,â—¯,2,1,3,0,5,10,"HIVE FLEETðŸ’€, TYRANID, <ENTER CUSTOM KEYWORD>, GENESTEALER, LEADER",1,0,0,4,"SYNAPSE
LIGHTNING REFLEXES: This operative has a 5+ Invulnerable Save. Each time this operative is activated it can perform a free Dash action during that activation.
HIDDEN HORROR: While this operative has a conceal order, it is always treated as having a Conceal order, regardless of any other rules. (eg Vantage Point)",,SEEK & DESTROYINFILTRATION,1,Genestealer,Hive Fleet
Tyranid Warrior Fighter,3,â—¯,2,1,3,0,4,18,"HIVE FLEETðŸ’€, TYRANID, <ENTER CUSTOM KEYWORD>, SYNAPSE, TYRANID WARRIOR, FIGHTER",1,2,3,0,"SYNAPSE
WEAPON BEAST: Of this operative is equipped with two melee weapons, add 1 to their Attacks Characteristic",,SEEK & DESTROYSECURITY,2,Tyranid Warrior,Hive Fleet
Tyranid Warrior Heavy Gunner,3,â—¯,2,1,3,0,4,18,"HIVE FLEETðŸ’€, TYRANID, <ENTER CUSTOM KEYWORD>, SYNAPSE, TYRANID WARRIOR, HEAVY GUNNER",0,2,3,0,SYNAPSE,,SEEK & DESTROYSECURITY,3,Tyranid Warrior,Hive Fleet
Tyranid Warrior Leader,3,â—¯,2,1,3,0,4,19,"HIVE FLEETðŸ’€, TYRANID, <ENTER CUSTOM KEYWORD>, SYNAPSE, TYRANID WARRIOR, LEADER",1,2,3,0,"SYNAPSE
WEAPON BEAST: Of this operative is equipped with two melee weapons, add 1 to their Attacks Characteristic",,SEEK & DESTROYSECURITY,4,Tyranid Warrior,Hive Fleet
Termagant,3,â—¯,2,2,3,0,6,7,"HIVE FLEETðŸ’€, TYRANID, <ENTER CUSTOM KEYWORD>, TYRANID SWARM, TERMAGANT",0,0,3,4,Synapse,,SEEK & DESTROYSECURITYRECON,5,Tyranid Swarm,Hive Fleet
Hormagaunt,3,â—¯,2,2,3,0,6,7,"HIVE FLEETðŸ’€, TYRANID, <ENTER CUSTOM KEYWORD>, TYRANID SWARM, HORMAGAUNT",1,0,0,4,Synapse,,SEEK & DESTROYSECURITYRECON,6,Tyranid Swarm,Hive Fleet
Neophyte Hybrid Trooper,3,â—¯,2,2,3,0,5,7,"BROOD COVENðŸ’€, GENESTEALER CULTS, <ENTER CUSTOM KEYWORD>, NEOPHYTE HYBRID, TROOPER",0,0,3,4,-0,-0,RECONINFILTRATIONSECURITY,7,Neophyte Hybrid,Brood Coven
Neophyte Hybrid Gunner,3,â—¯,2,2,3,0,5,7,"BROOD COVENðŸ’€, GENESTEALER CULTS, <ENTER CUSTOM KEYWORD>, NEOPHYTE HYBRID, GUNNER",0,0,3,4,-0,-0,RECONINFILTRATIONSECURITY,8,Neophyte Hybrid,Brood Coven
Neophyte Hybrid Heavy Gunner,3,â—¯,2,2,3,0,5,7,"BROOD COVENðŸ’€, GENESTEALER CULTS, <ENTER CUSTOM KEYWORD>, NEOPHYTE HYBRID, HEAVY GUNNER",0,2,3,0,-0,-0,RECONINFILTRATIONSECURITY,9,Neophyte Hybrid,Brood Coven
Neophyte Hybrid Icon Bearer,3,â—¯,2,2,3,0,5,7,"BROOD COVENðŸ’€, GENESTEALER CULTS, <ENTER CUSTOM KEYWORD>, NEOPHYTE HYBRID, ICON BEARER",0,2,0,0,"Icon Bearer. When determining control of an objective marker, treat this operative's APL characteristic as being 1 higher. Note that this is not a modifier. In narrative play, this is cumulative with the Focused Battle Honour (see the Kill Team Core Book). ","Cult Icon (1AP): Until the end of the Turning Point, while this operative is Visible to and within â–  of a friendly BROOD COVENðŸ’€, operative, that friendly operative is inspired by the cult. While an operative is inspired by the cult, each time it fights in combat or makes a shooting attack, in the Roll Attack Dice step of that combat or shooting attack, you can re-roll one of your attack dice. ",RECONINFILTRATIONSECURITY,10,Neophyte Hybrid,Brood Coven
Neophyte Hybrid Leader,3,â—¯,2,2,3,0,5,7,"BROOD COVENðŸ’€, GENESTEALER CULTS, <ENTER CUSTOM KEYWORD>, NEOPHYTE HYBRID, LEADER",1,0,3,4,-0,-0,RECONINFILTRATIONSECURITY,11,Neophyte Hybrid,Brood Coven
Acolyte Hybrid Trooper,3,â—¯,2,1,3,0,5,8,"BROOD COVENðŸ’€, GENESTEALER CULTS, <ENTER CUSTOM KEYWORD>, ACOLYTE HYBRID, TROOPER",1,0,0,4,-0,-0,SEEK & DESTROYINFILTRATION,12,Acolyte Hybrid,Brood Coven
Acolyte Hybrid Gunner,3,â—¯,2,1,3,0,5,8,"BROOD COVENðŸ’€, GENESTEALER CULTS, <ENTER CUSTOM KEYWORD>, ACOLYTE HYBRID, GUNNER",1,0,0,4,-0,-0,SEEK & DESTROYINFILTRATION,13,Acolyte Hybrid,Brood Coven
Acolyte Hybrid Fighter,3,â—¯,2,1,3,0,5,8,"BROOD COVENðŸ’€, GENESTEALER CULTS, <ENTER CUSTOM KEYWORD>, ACOLYTE HYBRID, FIGHTER",1,0,0,4,-0,-0,SEEK & DESTROYINFILTRATION,14,Acolyte Hybrid,Brood Coven
Acolyte Hybrid Icon Bearer,3,â—¯,2,1,3,0,5,8,"BROOD COVENðŸ’€, GENESTEALER CULTS, <ENTER CUSTOM KEYWORD>, ACOLYTE HYBRID, ICON BEARER",0,2,0,0,"Icon Bearer. When determining control of an objective marker, treat this operative's APL characteristic as being 1 higher. Note that this is not a modifier. In narrative play, this is cumulative with the Focused Battle Honour (see the Kill Team Core Book). ","Cult Icon (1AP): Until the end of the Turning Point, while this operative is Visible to and within â–  of a friendly BROOD COVENðŸ’€, operative, that friendly operative is inspired by the cult. While an operative is inspired by the cult, each time it fights in combat or makes a shooting attack, in the Roll Attack Dice step of that combat or shooting attack, you can re-roll one of your attack dice. ",SEEK & DESTROYINFILTRATION,15,Acolyte Hybrid,Brood Coven
Acolyte Hybrid Leader,3,â—¯,2,1,3,0,5,9,"BROOD COVENðŸ’€, GENESTEALER CULTS, <ENTER CUSTOM KEYWORD>, ACOLYTE HYBRID, LEADER",1,0,0,4,"Lash Whip: While an enemy operative is within engagement range of friendly operatives equipped with this weapon, subtract 1 from that enemy operativeâ€™s attacks characteristics.",-0,SEEK & DESTROYINFILTRATION,16,Acolyte Hybrid,Brood Coven
Hybrid Metamorph Fighter,3,â—¯,2,1,3,0,5,8,"BROOD COVENðŸ’€, GENESTEALER CULTS, <ENTER CUSTOM KEYWORD>, HYBRID METAMORPH, FIGHTER",1,0,0,4,-0,-0,SEEK & DESTROY,17,Hybrid Metamorph,Brood Coven
Hybrid Metamorph Gunner,3,â—¯,2,1,3,0,5,8,"BROOD COVENðŸ’€, GENESTEALER CULTS, <ENTER CUSTOM KEYWORD>, HYBRID METAMORPH, GUNNER",1,0,0,4,-0,-0,SEEK & DESTROY,18,Hybrid Metamorph,Brood Coven
Hybrid Metamorph Icon Bearer,3,â—¯,2,1,3,0,5,8,"BROOD COVENðŸ’€, GENESTEALER CULTS, <ENTER CUSTOM KEYWORD>, HYBRID METAMORPH, ICON BEARER",0,2,0,0,"Icon Bearer. When determining control of an objective marker, treat this operative's APL characteristic as being 1 higher. Note that this is not a modifier. In narrative play, this is cumulative with the Focused Battle Honour (see the Kill Team Core Book). ","Cult Icon (1AP): Until the end of the Turning Point, while this operative is Visible to and within â–  of a friendly BROOD COVENðŸ’€, operative, that friendly operative is inspired by the cult. While an operative is inspired by the cult, each time it fights in combat or makes a shooting attack, in the Roll Attack Dice step of that combat or shooting attack, you can re-roll one of your attack dice. ",SEEK & DESTROY,19,Hybrid Metamorph,Brood Coven
Hybrid Metamorph Leader,3,â—¯,2,1,3,0,5,9,"BROOD COVENðŸ’€, GENESTEALER CULTS, <ENTER CUSTOM KEYWORD>, HYBRID METAMORPH, LEADER",1,0,0,4,-0,-0,SEEK & DESTROY,20,Hybrid Metamorph,Brood Coven
Custodian Guard Warrior,3,â—¯,4,1,3,0,2,18,"TALONS OF THE EMPERORðŸ’€, IMPERIUM, ADEPTUS CUSTODES, <ENTER CUSTOM KEYWORD>, CUSTODIAN GUARD, WARRIOR",1,2,3,4,"The Emperor's Chosen
Storm Shield",,SEEK & DESTROYSECURITY,21,Custodian Guard,Talons of the Emperor
Custodian Guard Leader,3,â—¯,4,1,3,0,2,19,"TALONS OF THE EMPERORðŸ’€, IMPERIUM, ADEPTUS CUSTODES, <ENTER CUSTOM KEYWORD>, CUSTODIAN GUARD, LEADER",1,2,3,4,"The Emperor's Chosen
Storm Shield",,SEEK & DESTROYSECURITY,22,Custodian Guard,Talons of the Emperor
Sister of Silence Prosecutor,3,â—¯,2,1,3,0,3,8,"TALONS OF THE EMPERORðŸ’€, IMPERIUM, ANATHEMA PSYKANA, SISTER OF SILENCE, PROSECUTOR",0,2,3,4,"The Emperor's Chosen
Storm Shield",,SEEK & DESTROYSECURITYRECON,23,Sister of Silence,Talons of the Emperor
Sister of Silence Witchseeker,3,â—¯,2,1,3,0,3,8,"TALONS OF THE EMPERORðŸ’€, IMPERIUM, ANATHEMA PSYKANA, SISTER OF SILENCE, WITCHSEEKER",0,0,3,4,"The Emperor's Chosen
Storm Shield",,SEEK & DESTROYSECURITYRECON,24,Sister of Silence,Talons of the Emperor
Sister of Silence Vigilator,3,â—¯,2,1,3,0,3,8,"TALONS OF THE EMPERORðŸ’€, IMPERIUM, ANATHEMA PSYKANA, SISTER OF SILENCE, VIGILATOR",1,2,0,0,"The Emperor's Chosen
Storm Shield",,SEEK & DESTROYSECURITYRECON,25,Sister of Silence,Talons of the Emperor
Sister of Silence Superior,3,â—¯,2,1,3,0,3,8,"TALONS OF THE EMPERORðŸ’€, IMPERIUM, ANATHEMA PSYKANA, SISTER OF SILENCE, SUPERIOR",0,0,3,4,"The Emperor's Chosen
Storm Shield",,SEEK & DESTROYSECURITYRECON,26,Sister of Silence,Talons of the Emperor
Player Gunner,3,â—¯,3,1,3,0,6,8,"TROUPEðŸ’€, AELDARI, HARLEQUINS, <ENTER CUSTOM KEYWORD>, PLAYER, GUNNER",1,0,3,4,Psychic Abomination,,SEEK & DESTROYRECONINFILTRATION,27,Troupe,Troupe
Player Leader,3,â—¯,3,1,3,0,6,8,"TROUPEðŸ’€, AELDARI, HARLEQUINS, <ENTER CUSTOM KEYWORD>, PLAYER, LEADER",1,0,3,4,,,SEEK & DESTROYRECONINFILTRATION,28,Troupe,Troupe
Player Warrior,3,â—¯,3,1,3,0,6,9,"TROUPEðŸ’€, AELDARI, HARLEQUINS, <ENTER CUSTOM KEYWORD>, PLAYER, WARRIOR",1,0,3,4,,,SEEK & DESTROYRECONINFILTRATION,29,Troupe,Troupe
Rubric Marine Warrior,3,â—¯,2,1,3,0,3,12,"THOUSAND SONSðŸ’€, CHAOS, ARCANA ASTARTES, <ENTER CUSTOM KEYWORD>, RUBRIC MARINE, WARRIOR",1,2,3,0,FAVOURED BY CHANGE,,SEEK & DESTROYSECURITY,30,Rubric Marine,Thousand Sons
Rubric Marine Gunner,3,â—¯,2,1,3,0,3,12,"THOUSAND SONSðŸ’€, CHAOS, ARCANA ASTARTES, <ENTER CUSTOM KEYWORD>, RUBRIC MARINE, GUNNER",0,2,3,0,FAVOURED BY CHANGE,,SEEK & DESTROYSECURITY,31,Rubric Marine,Thousand Sons
Rubric Marine Icon Bearer,3,â—¯,2,1,3,0,3,12,"THOUSAND SONSðŸ’€, CHAOS, ARCANA ASTARTES, <ENTER CUSTOM KEYWORD>, RUBRIC MARINE, ICON BEARER",0,2,3,0,"FAVOURED BY CHANGE
ICON BEARER: When determining control of an objective marker, treat this operative's APL as being 1 higher. This is not a modifier","ICON OF FLAME: While a friendly THOUSAND SONSðŸ’€ ASPIRING SORCERER operative is within â–  of this operative, it can resolve a second psychic power in its activation as a result of the Manifest Psychic Power action (pg 81) without needing to roll one D6. ",SEEK & DESTROYSECURITY,32,Rubric Marine,Thousand Sons
Aspiring Sorcerer,3,â—¯,3,1,3,0,3,13,"THOUSAND SONSðŸ’€, CHAOS, ARCANA ASTARTES, <ENTER CUSTOM KEYWORD>, LEADER, RUBRIC MARINE, ASPIRING SORCERER",1,2,3,0,FAVOURED BY CHANGE,"MANIFEST PSYCHIC POWER (1AP): Phychic action. Resolve a THOUSAND SONSðŸ’€ psychic Power, as specified on P 81, An Op can perform this action twice during its activation",SEEK & DESTROYSECURITY,33,Rubric Marine,Thousand Sons
Tzaangor Fighter,3,â—¯,2,1,3,0,6,8,"THOUSAND SONSðŸ’€, CHAOS, TZAANGOR, FIGHTER",1,0,0,4,FAVOURED BY CHANGE,,SEEK & DESTROYRECON,34,Tzaangor,Thousand Sons
Tzaangor Icon Bearer,3,â—¯,2,1,3,0,6,8,"THOUSAND SONSðŸ’€, CHAOS, TZAANGOR, ICON BEAERER",1,0,0,4,"FAVOURED BY CHANGE
ICON BEARER: When determining control of an objective marker, treat this operative's APL as being 1 higher. This is not a modifier","Herd Banner (1AP): Until the end of the Turning Point, while this operative is within â–  of a friendly TZAANGOR operative, that operative is invigorated by chaos. While an operative is invigorated by chaos, improve its invulnerable save by 1. ",SEEK & DESTROYRECON,35,Tzaangor,Thousand Sons
Tzaangor Horn Bearer,3,â—¯,2,1,3,0,6,8,"THOUSAND SONSðŸ’€, CHAOS, TZAANGOR, HORN BEARER",1,0,0,4,FAVOURED BY CHANGE,"Brayhorn (lAP): Until the end of the Turning Point, each time a friendly TZAANGOR operative performs a Normal Move or Charge action, it can move an additional â–²",SEEK & DESTROYRECON,36,Tzaangor,Thousand Sons
Twistbray,3,â—¯,2,1,3,0,6,9,"THOUSAND SONSðŸ’€, CHAOS, TZAANGOR, TWISTBRAY, LEADER",1,0,0,4,FAVOURED BY CHANGE,,SEEK & DESTROYRECON,37,Tzaangor,Thousand Sons
Kroot Carnivore Warrior,3,â—¯,2,1,3,0,6,8,"CADRE MERCENARY, T'AU EMPIRE, KROOT, CARNIVORE, WARRIOR",1,0,2,3,MASTER OF CAMOUFLAGE,,SEEK & DESTROYRECONINFILTRATION,38,Cadre Mercenary,Cadre Mercenary
Kroot Carnivore Leader,3,â—¯,2,1,3,0,6,9,"CADRE MERCENARY, T'AU EMPIRE, KROOT, CARNIVORE, LEADER",1,0,2,3,MASTER OF CAMOUFLAGE,,SEEK & DESTROYRECONINFILTRATION,39,Cadre Mercenary,Cadre Mercenary
Kroot Hound,4,â—¯,2,1,3,0,6,8,"CADRE MERCENARY, T'AU EMPIRE, KROOT, CARNIVORE, HOUND",1,0,2,3,"MASTER OF CAMOUFLAGE
HUNTING BEAST: This operative cannot perform Mission Actions and cannot be equipped with any equipment.",,SEEK & DESTROYRECONINFILTRATION,40,Cadre Mercenary,Cadre Mercenary
Krootox,3,â—¯,3,1,3,0,4,16,"CADRE MERCENARY, T'AU EMPIRE, KROOT, CARNIVORE, KROOTOX",1,0,2,3,MASTER OF CAMOUFLAGE,,SEEK & DESTROYRECONINFILTRATION,41,Cadre Mercenary,Cadre Mercenary
Chaos Space Marine Warrior,3,â—¯,3,1,3,0,3,12,"TRAITOR SPACE MARINEðŸ’€, CHAOS, HERETIC ASTARTES, <ENTER CUSTOM KEYWORD>, CHAOS SPACE MARINE, WARRIOR",1,2,3,0,,,SEEK & DESTROYRECONINFILTRATIONSECURITY,42,Chaos Space Marine,Traitor Space Marine
Chaos Space Marine Gunner,3,â—¯,3,1,3,0,3,12,"TRAITOR SPACE MARINEðŸ’€, CHAOS, HERETIC ASTARTES, <ENTER CUSTOM KEYWORD>, CHAOS SPACE MARINE, GUNNER",0,2,3,0,,,SEEK & DESTROYRECONINFILTRATIONSECURITY,43,Chaos Space Marine,Traitor Space Marine
Chaos Space Marine Heavy Gunner,3,â—¯,3,1,3,0,3,12,"TRAITOR SPACE MARINEðŸ’€, CHAOS, HERETIC ASTARTES, <ENTER CUSTOM KEYWORD>, CHAOS SPACE MARINE, HEAVY GUNNER",0,2,3,0,,,SEEK & DESTROYRECONINFILTRATIONSECURITY,44,Chaos Space Marine,Traitor Space Marine
Chaos Space Marine Icon Bearer,3,â—¯,3,1,3,0,3,12,"TRAITOR SPACE MARINEðŸ’€, CHAOS, HERETIC ASTARTES, <ENTER CUSTOM KEYWORD>, CHAOS SPACE MARINE, ICON BEARER",1,2,3,0,"ICON BEARER: When determining control of an objective marker, treat this operative's APL as being 1 higher. This is not a modifier.","ICON OF VENGEANCE (1AP): Until the end of the Turning Point, while this Operative is Visible and within â–  of a friendly HERETIC ASTARTES operative, that friendly Operative is Inspired by Vengeance. While the Operative is inspirewd by Vengeance, each time it fights in combat or makes a shooting attack, in the Roll Attack Dice step, if you retain any critical hits, you can select one of your failed hits to be retained as a successful normal hit",SEEK & DESTROYRECONINFILTRATIONSECURITY,45,Chaos Space Marine,Traitor Space Marine
Chaos Space Marine Aspiring Champion,3,â—¯,3,1,3,0,3,12,"TRAITOR SPACE MARINEðŸ’€, CHAOS, HERETIC ASTARTES, <ENTER CUSTOM KEYWORD>, LEADER, CHAOS SPACE MARINE, ASPIRING CHAMPION",1,2,3,0,,,SEEK & DESTROYRECONINFILTRATIONSECURITY,46,Chaos Space Marine,Traitor Space Marine
Chaos Cultist Fighter,3,â—¯,2,2,3,0,5,7,"TRAITOR SPACE MARINEðŸ’€, CHAOS, CULTIST, FIGHTER",1,0,3,4,,,RECONINFILTRATION,47,Chaos Cultist,Traitor Space Marine
Chaos Cultist Gunner,3,â—¯,2,2,3,0,5,7,"TRAITOR SPACE MARINEðŸ’€, CHAOS, CULTIST, GUNNER",1,0,3,4,,,RECONINFILTRATION,48,Chaos Cultist,Traitor Space Marine
Chaos Cultist Champion,3,â—¯,2,2,3,0,5,8,"TRAITOR SPACE MARINEðŸ’€, CHAOS, LEADER. CULTIST, CHAMPION",1,0,3,4,,,RECONINFILTRATION,49,Chaos Cultist,Traitor Space Marine
Intercessor Warrior,3,â—¯,3,1,3,0,3,12,"SPACE MARINEðŸ’€, IMPERIUM, ADEPTUS ASTARTES, <ENTER CUSTOM KEYWORD>, PRIMARIS, INTERCESSOR, WARRIOR",0,2,3,0,,,SEEK & DESTROYSECURITY,50,Intercessor,Space Marine
Intercessor Sergeant,3,â—¯,3,1,3,0,3,13,"SPACE MARINEðŸ’€, IMPERIUM, ADEPTUS ASTARTES, <ENTER CUSTOM KEYWORD>, LEADER, PRIMARIS, INTERCESSOR, SERGEANT",0,2,3,0,,,SEEK & DESTROYSECURITY,51,Intercessor,Space Marine
Assault Intercessor Warrior,3,â—¯,3,1,3,0,3,12,"SPACE MARINEðŸ’€, IMPERIUM, ADEPTUS ASTARTES, <ENTER CUSTOM KEYWORD>, PRIMARIS, ASSAULT INTERCESSOR, WARRIOR",0,0,3,4,,,SEEK & DESTROYSECURITY,52,Assault Intercessor,Space Marine
Assault Intercessor Sergeant,3,â—¯,3,1,3,0,3,13,"SPACE MARINEðŸ’€, IMPERIUM, ADEPTUS ASTARTES, <ENTER CUSTOM KEYWORD>, LEADER, PRIMARIS, ASSAULT INTERCESSOR, SERGEANT",0,0,3,4,,,SEEK & DESTROYSECURITY,53,Assault Intercessor,Space Marine
Incursor Warrior,3,â—¯,3,1,3,0,3,12,"SPACE MARINEðŸ’€, IMPERIUM, ADEPTUS ASTARTES, <ENTER CUSTOM KEYWORD>, PRIMARIS, INCURSOR, WARRIOR",0,0,3,4,,,SEEK & DESTROYRECONINFILTRATION,54,Incursor,Space Marine
Incursor Sergeant,3,â—¯,3,1,3,0,3,13,"SPACE MARINEðŸ’€, IMPERIUM, ADEPTUS ASTARTES, <ENTER CUSTOM KEYWORD>, LEADER, PRIMARIS, INCURSOR, SERGEANT",0,0,3,4,,,SEEK & DESTROYRECONINFILTRATION,55,Incursor,Space Marine
Infiltrator Warrior,3,â—¯,3,1,3,0,3,12,"SPACE MARINEðŸ’€, IMPERIUM, ADEPTUS ASTARTES, <ENTER CUSTOM KEYWORD>, PRIMARIS, INFILTRATOR, WARRIOR",0,0,3,4,,,SEEK & DESTROYRECONINFILTRATION,56,Incursor,Space Marine
Infiltrator Sergeant,3,â—¯,3,1,3,0,3,13,"SPACE MARINEðŸ’€, IMPERIUM, ADEPTUS ASTARTES, <ENTER CUSTOM KEYWORD>, LEADER, PRIMARIS, INFILTRATOR, SERGEANT",0,0,3,4,,,SEEK & DESTROYRECONINFILTRATION,57,Incursor,Space Marine
Reiver Warrior,3,â—¯,3,1,3,0,3,12,"SPACE MARINEðŸ’€, IMPERIUM, ADEPTUS ASTARTES, <ENTER CUSTOM KEYWORD>, PRIMARIS, REIVER, WARRIOR",1,0,3,4,,,SEEK & DESTROYRECONINFILTRATION,58,Reiver,Space Marine
Reiver Sergeant,3,â—¯,3,1,3,0,3,13,"SPACE MARINEðŸ’€, IMPERIUM, ADEPTUS ASTARTES, <ENTER CUSTOM KEYWORD>, LEADER, PRIMARIS, REIVER, SERGEANT",1,0,3,4,"BLADESMAN: If this Operative is not equipped with a bolt carbine, its combat knife gains the Lethal 5+, special rule.",,SEEK & DESTROYRECONINFILTRATION,59,Reiver,Space Marine
Heavy Intercessor Warrior,3,â—¯,2,1,3,0,3,18,"SPACE MARINEðŸ’€, IMPERIUM, ADEPTUS ASTARTES, <ENTER CUSTOM KEYWORD>, PRIMARIS, HEAVY INTERCESSOR, WARRIOR",0,2,3,0,,,SEEK & DESTROYSECURITY,60,Heavy Intercessor,Space Marine
Heavy Intercessor Heavy Gunner,3,â—¯,2,1,3,0,3,18,"SPACE MARINEðŸ’€, IMPERIUM, ADEPTUS ASTARTES, <ENTER CUSTOM KEYWORD>, PRIMARIS, HEAVY INTERCESSOR, HEAVY GUNNER",0,2,3,0,,,SEEK & DESTROYSECURITY,61,Heavy Intercessor,Space Marine
Heavy Intercessor Sergeant,3,â—¯,2,1,3,0,3,19,"SPACE MARINEðŸ’€, IMPERIUM, ADEPTUS ASTARTES, <ENTER CUSTOM KEYWORD>, LEADER, PRIMARIS, HEAVY INTERCESSOR, SERGEANT",0,2,3,0,,,SEEK & DESTROYSECURITY,62,Heavy Intercessor,Space Marine
Tactical Marine Warrior,3,â—¯,3,1,3,0,3,11,"SPACE MARINEðŸ’€, IMPERIUM, ADEPTUS ASTARTES, <ENTER CUSTOM KEYWORD>, TACTICAL MARINE, WARRIOR",0,2,3,0,,,SEEK & DESTROYSECURITY,63,Tactical Marine,Space Marine
Tactical Marine Gunner,3,â—¯,3,1,3,0,3,11,"SPACE MARINEðŸ’€, IMPERIUM, ADEPTUS ASTARTES, <ENTER CUSTOM KEYWORD>, TACTICAL MARINE, GUNNER",0,2,3,0,"*Grav: Each time this operative makes a shooting attack with this weapon, if the target has an unmodified Save characteristic of 3+ or better, this weapon has the Lethal 4+ special rule for that attack. ",,SEEK & DESTROYSECURITY,64,Tactical Marine,Space Marine
Tactical Marine Heavy Gunner,3,â—¯,3,1,3,0,3,11,"SPACE MARINEðŸ’€, IMPERIUM, ADEPTUS ASTARTES, <ENTER CUSTOM KEYWORD>, TACTICAL MARINE, HEAVY GUNNER",0,2,3,0,,,SEEK & DESTROYSECURITY,65,Tactical Marine,Space Marine
Tactical Marine Sergeant,3,â—¯,3,1,3,0,3,12,"SPACE MARINEðŸ’€, IMPERIUM, ADEPTUS ASTARTES, <ENTER CUSTOM KEYWORD>, TACTICAL MARINE, SERGEANT, LEADER",1,2,3,0,"*Combi: An operative equipped with this weapon is also equipped with a boltgun. 
*Grav: Each time this operative makes a shooting attack with this weapon, if the target has an unmodified Save characteristic of 3+ or better, this weapon has the Lethal 4+ special rule for that attack.",,SEEK & DESTROYSECURITY,66,Tactical Marine,Space Marine
Scout Warrior,3,â—¯,2,1,3,0,4,8,"SPACE MARINEðŸ’€, IMPERIUM, ADEPTUS ASTARTES, <ENTER CUSTOM KEYWORD>, SCOUT, WARRIOR",0,0,0,4,,,SEEK & DESTROYRECONINFILTRATION,67,Scout,Space Marine
Scout Heavy Gunner,3,â—¯,2,1,3,0,4,8,"SPACE MARINEðŸ’€, IMPERIUM, ADEPTUS ASTARTES, <ENTER CUSTOM KEYWORD>, SCOUT, HEAVY GUNNER",0,0,0,4,,,SEEK & DESTROYRECONINFILTRATION,68,Scout,Space Marine
Scout Sergeant,3,â—¯,2,1,3,0,4,9,"SPACE MARINEðŸ’€, IMPERIUM, ADEPTUS ASTARTES, <ENTER CUSTOM KEYWORD>, SCOUT, LEADER, SERGEANT",0,0,0,4,,,SEEK & DESTROYRECONINFILTRATION,69,Scout,Space Marine
Scout Sniper,3,â—¯,2,1,3,0,4,8,"SPACE MARINEðŸ’€, IMPERIUM, ADEPTUS ASTARTES, <ENTER CUSTOM KEYWORD>, SCOUT, SNIPER",0,0,0,4,,,SEEK & DESTROYRECONINFILTRATION,70,Scout,Space Marine
Scout Sniper Sergeant,3,â—¯,2,1,3,0,4,9,"SPACE MARINEðŸ’€, IMPERIUM, ADEPTUS ASTARTES, <ENTER CUSTOM KEYWORD>, SCOUT, SNIPER SERGEANT, LEADER",0,0,0,4,,,SEEK & DESTROYRECONINFILTRATION,71,Scout,Space Marine
Deathwatch Veteran Warrior,3,â—¯,3,1,3,0,3,11,"SPACE MARINEðŸ’€, IMPERIUM, ADEPTUS ASTARTES, <ENTER CUSTOM KEYWORD>, TACTICAL MARINE, WARRIOR",0,2,3,0,,,SEEK & DESTROYSECURITY,72,Deathwatch Veteran,Space Marine
Deathwatch Veteran Fighter,3,â—¯,3,1,3,0,3,11,"SPACE MARINEðŸ’€, IMPERIUM, ADEPTUS ASTARTES, <ENTER CUSTOM KEYWORD>, TACTICAL MARINE, Fighter",0,2,3,0,,,SEEK & DESTROYSECURITY,73,Deathwatch Veteran,Space Marine
Deathwatch Veteran Gunner,3,â—¯,3,1,3,0,3,11,"SPACE MARINEðŸ’€, IMPERIUM, ADEPTUS ASTARTES, <ENTER CUSTOM KEYWORD>, TACTICAL MARINE, Gunner",0,2,3,0,,,SEEK & DESTROYSECURITY,74,Deathwatch Veteran,Space Marine
Deathwatch Veteran Heavy Gunner,3,â—¯,3,1,3,0,3,11,"SPACE MARINEðŸ’€, IMPERIUM, ADEPTUS ASTARTES, <ENTER CUSTOM KEYWORD>, TACTICAL MARINE, Heavy Gunner",0,2,3,0,,,SEEK & DESTROYSECURITY,75,Deathwatch Veteran,Space Marine
Deathwatch Veteran Watch Sergeant,3,â—¯,3,1,3,0,3,12,"SPACE MARINEðŸ’€, IMPERIUM, ADEPTUS ASTARTES, <ENTER CUSTOM KEYWORD>, TACTICAL MARINE, Watch Sergeant",0,2,3,0,,,SEEK & DESTROYSECURITY,76,Deathwatch Veteran,Space Marine
Guardian Defender Warrior,3,â—¯,2,1,3,0,4,8,"CRAFTWORLDðŸ’€, AELDARI, ASURYANI, <ENTER CUSTOM KEYWORD>, GUARDIAN DEFENDER, WARRIOR",0,0,3,4,,,SECURITYRECON,77,Guardian Defender,Craftworld
Guardian Defender Heavy Gunner,3,â—¯,2,1,3,0,4,8,"CRAFTWORLDðŸ’€, AELDARI, ASURYANI, <ENTER CUSTOM KEYWORD>, GUARDIAN DEFENDER, HEAVY GUNNER",0,0,3,4,,"Control Platform (1AP): Select one ready friendly GUARDIAN DEFENDER HEAVY WEAPON PLATFORM operative within â–  of this operative. Perform a free NORMAL MOVE, FALL BACK or SHOOT action with that operative, then change its order token to activated. This operative cannot perform this action while within Engagement Range of enemy operatives. ",SECURITYRECON,78,Guardian Defender,Craftworld
Guardian Defender Heavy Weapon Platform,2,â—¯,0,1,3,0,3,12,"CRAFTWORLDðŸ’€, AELDARI, ASURYANI, <ENTER CUSTOM KEYWORD>, GUARDIAN DEFENDER, HEAVY WEAPON PLATFORM",0,0,0,0,"Platform Controller: This operative cannot be activated as normal. Instead, a friendly GUARDIAN DEFENDER HEAVY GUNNER operative must perform the Control Platform action. ","Gun Platform: This operative cannot have a Conceal order. It cannot fight in combat (do not select a weapon or roll any attack dice for it) and cannot provide combat support. In narrative play, this operative cannot gain (or lose) experience points. When drawing a Visibility line from this operative, draw it from any part of the miniature. ",SECURITYRECON,79,Guardian Defender,Craftworld
Guardian Defender Leader,3,â—¯,2,1,3,0,4,9,"CRAFTWORLDðŸ’€, AELDARI, ASURYANI, <ENTER CUSTOM KEYWORD>, GUARDIAN DEFENDER, LEADER",0,0,3,4,,,SECURITYRECON,80,Guardian Defender,Craftworld
Storm Guardian Warrior,3,â—¯,2,1,3,0,4,8,"CRAFTWORLDðŸ’€, AELDARI, ASURYANI, <ENTER CUSTOM KEYWORD>, STORM GUARDIAN, WARRIOR",1,0,0,4,,,SEEK & DESTROYRECON,81,Storm Guardian,Craftworld
Storm Guardian Gunner,3,â—¯,2,1,3,0,4,8,"CRAFTWORLDðŸ’€, AELDARI, ASURYANI, <ENTER CUSTOM KEYWORD>, STORM GUARDIAN, GUNNER",0,0,3,4,,,SEEK & DESTROYRECON,82,Storm Guardian,Craftworld
Storm Guardian Leader,3,â—¯,2,1,3,0,4,9,"CRAFTWORLDðŸ’€, AELDARI, ASURYANI, <ENTER CUSTOM KEYWORD>, STORM GUARDIAN, LEADER",1,0,0,4,,,SEEK & DESTROYRECON,83,Storm Guardian,Craftworld
Ranger Warrior,3,â—¯,2,1,3,0,5,8,"CRAFTWORLDðŸ’€, AELDARI, ASURYANI, <ENTER CUSTOM KEYWORD>, RANGER, WARRIOR",0,0,3,4,"Camo Cloak: Each time a shooting attack is made against this operative, in the Roll Defence Dice step of that shooting attack, before rolling your defence dice, if it is in Cover, one additional dice can be retained as a successful normal save as a result of Cover.",,INFILTRATIONRECON,84,Ranger,Craftworld
Ranger Leader,3,â—¯,2,1,3,0,5,9,"CRAFTWORLDðŸ’€, AELDARI, ASURYANI, <ENTER CUSTOM KEYWORD>, RANGER, LEADER",0,0,3,4,"Camo Cloak: Each time a shooting attack is made against this operative, in the Roll Defence Dice step of that shooting attack, before rolling your defence dice, if it is in Cover, one additional dice can be retained as a successful normal save as a result of Cover.",,INFILTRATIONRECON,85,Ranger,Craftworld
Dire Avenger Warrior,3,â—¯,2,1,3,0,4,8,"CRAFTWORLDðŸ’€, AELDARI, ASURYANI, <ENTER CUSTOM KEYWORD>, DIRE AVENGER, WARRIOR",0,0,3,4,"Defence Tactics: Each time this operative performs an Overwatch action, for that action's shooting attack, do not worsen the Ballistic Skill characteristic of its ranged weapons as a result of performing an Overwatch action.",,INFILTRATIONRECON,86,Dire Avenger,Craftworld
Dire Avenger Exarch,3,â—¯,2,1,3,0,4,9,"CRAFTWORLDðŸ’€, AELDARI, ASURYANI, <ENTER CUSTOM KEYWORD>, DIRE AVENGER, EXARCH, LEADER",1,0,3,4,"Defence Tactics: Each time this operative performs an Overwatch action, for that action's shooting attack, do not worsen the Ballistic Skill characteristic of its ranged weapons as a result of performing an Overwatch action. 
Shimmershield: If this operative is equipped with a shimmershield, while a friendly DIRE AVENGER operative is within â—¯ of it, that operative has a 5+ invulnerable save.",,INFILTRATIONRECON,87,Dire Avenger,Craftworld
Plague Marine Warrior,2,â—¯,3,1,3,0,3,12,"DEATH GUARDðŸ’€, CHAOS, BUBONIC ASTARTES, <ENTER CUSTOM KEYWORD>, PLAGUE MARINE, WARRIOR",0,2,3,0,DISGUSTINGLY RESILIENT,,SEEK & DESTROYSECURITY,88,Plague Marine,Deathguard
Plague Marine Gunner,2,â—¯,3,1,3,0,3,12,"DEATH GUARDðŸ’€, CHAOS, BUBONIC ASTARTES, <ENTER CUSTOM KEYWORD>, PLAGUE MARINE, GUNNER",0,2,3,0,DISGUSTINGLY RESILIENT,,SEEK & DESTROYSECURITY,89,Plague Marine,Deathguard
Plague Marine Heavy Gunner,2,â—¯,3,1,3,0,3,12,"DEATH GUARDðŸ’€, CHAOS, BUBONIC ASTARTES, <ENTER CUSTOM KEYWORD>, PLAGUE MARINE, HEAVY GUNNER",0,2,3,0,DISGUSTINGLY RESILIENT,,SEEK & DESTROYSECURITY,90,Plague Marine,Deathguard
Plague Marine Fighter,2,â—¯,3,1,3,0,3,12,"DEATH GUARDðŸ’€, CHAOS, BUBONIC ASTARTES, <ENTER CUSTOM KEYWORD>, PLAGUE MARINE, FIGHTER",0,2,3,0,DISGUSTINGLY RESILIENT,,SEEK & DESTROYSECURITY,91,Plague Marine,Deathguard
Plague Marine Icon Bearer,2,â—¯,3,1,3,0,3,12,"DEATH GUARDðŸ’€, CHAOS, BUBONIC ASTARTES, <ENTER CUSTOM KEYWORD>, PLAGUE MARINE, ICON BEARER",0,2,3,0,"DISGUSTINGLY RESILIENT
ICON BEARER: When determining control of an objective marker, treat this operative's APL as being 1 higher. This is not a modifier.","Icon of Decay (1AP): Until the end of the Turning Point while this operative is Visible to and within â–  of a friendly BUBONIC ASTARTES operative, that friendly operative is invigorated by decay. While an operative is invigorated by decay, when rolling for its Disgustingly Resilient ability, you can re-roll results of 1 and 2. ",SEEK & DESTROYSECURITY,92,Plague Marine,Deathguard
Plague Marine Champion,2,â—¯,3,1,3,0,3,12,"DEATH GUARDðŸ’€, CHAOS, BUBONIC ASTARTES, <ENTER CUSTOM KEYWORD>, PLAGUE MARINE, CHAMPION, LEADER",0,2,3,0,DISGUSTINGLY RESILIENT,,SEEK & DESTROYSECURITY,93,Plague Marine,Deathguard
Poxwalker,2,â—¯,2,2,3,0,6,7,"DEATH GUARDðŸ’€, CHAOS, POXWALKER",0,0,0,0,"DISGUSTINGLY RESILIENT
MINDLESS: Each time this Op would perform a mission action or the pick up action, you must subtract one additional AP to do so. This Op cannot be equipped with equipment. In Narrative Play it cannot gain nor lose XP but automatically passes casualty tests.",,INFILTRATIONSECURITY,94,Poxwalker,Deathguard
Grey Knight Warrior,3,â—¯,3,1,3,0,3,11,"GREY KNIGHTðŸ’€, IMPERIUM, SANCTIC ASTARTES, <ENTER CUSTOM KEYWORD>, PSYKER, WARRIOR",0,2,3,0,,Manifest Psychic Power (1AP),SEEK & DESTROYSECURITY,95,Grey Knight,Grey Knight
Grey Knight Gunner,3,â—¯,3,1,3,0,3,11,"GREY KNIGHTðŸ’€, IMPERIUM, SANCTIC ASTARTES, <ENTER CUSTOM KEYWORD>, PSYKER, GUNNER",0,2,3,0,,Manifest Psychic Power (1AP),SEEK & DESTROYSECURITY,96,Grey Knight,Grey Knight
Grey Knight Justicar,3,â—¯,3,1,3,0,3,12,"GREY KNIGHTðŸ’€, IMPERIUM, SANCTIC ASTARTES, <ENTER CUSTOM KEYWORD>, PSYKER, JUSTICAR, LEADER",1,2,3,0,,Manifest Psychic Power (1AP),SEEK & DESTROYSECURITY,97,Grey Knight,Grey Knight
Bloodletter Fighter,3,â—¯,2,1,3,0,6,9,"CHAOS DAEMONðŸ’€, CHAOS, DAEMON, KHORNE, BLOODLETTER, FIGHTER",1,0,0,0,DAEMON:,-0,SEEK & DESTROY,98,Bloodletter,Chaos Daemons
Bloodletter Icon Bearer,3,â—¯,2,1,3,0,6,9,"CHAOS DAEMONðŸ’€, CHAOS, DAEMON, KHORNE, BLOODLETTER, ICON BEARER",1,0,0,0,"DAEMON:
ICON BEARER: When determining control of an objective marker, treat thsi operative's APL characteristic as being 1 higher. Note this is NOT a modifier","DAEMONIC ICON:
Daemonic Icon (1AP) Until the end of the Turning Point, while this operative is within of a friendly BLOODLETTER operative, that friendly operative is invigorated by Chaos. While an operative is invigorated by Chaos, improve its invulnerable save by 1.",SEEK & DESTROY,99,Bloodletter,Chaos Daemons
Bloodletter Horn Bearer,3,â—¯,2,1,3,0,6,9,"CHAOS DAEMONðŸ’€, CHAOS, DAEMON, KHORNE, BLOODLETTER, HORN BLOWER",1,0,0,0,DAEMON:,"Instrument of Chaos (1AP): Until the end of the Turning Point, each time a friendly BLOODLETTER operative performs a Normal Move or Charge action, it can move an additional â–²",SEEK & DESTROY,100,Bloodletter,Chaos Daemons
Bloodreaper,3,â—¯,2,1,3,0,6,10,"CHAOS DAEMONðŸ’€, CHAOS, DAEMON, KHORNE, BLOODLETTER, BLOODREAPER, LEADER",1,0,0,0,DAEMON:,-0,SEEK & DESTROY,101,Bloodletter,Chaos Daemons
Daemonette Fighter,3,â—¯,2,1,3,0,6,8,"CHAOS DAEMONðŸ’€, CHAOS, DAEMON, SLAANESH, DAEMONETTE, FIGHTER",1,0,0,4,DAEMON:,-0,SEEK & DESTROYRECON,102,Daemonette,Chaos Daemons
Daemonette Icon Bearer,3,â—¯,2,1,3,0,6,8,"CHAOS DAEMONðŸ’€, CHAOS, DAEMON, SLAANESH, DAEMONETTE, ICON BEARER",1,0,0,4,"DAEMON:
ICON BEARER: When determining control of an objective marker, treat thsi operative's APL characteristic as being 1 higher. Note this is NOT a modifier","Daemonic Icon (1AP) Until the end of the Turning Point, while this operative is within â–  of a friendly DAEMONETTE operative, that friendly operative is invigorated by Chaos. While an operative is invigorated by Chaos, improve as invulnerable save by 1.  ",SEEK & DESTROYRECON,103,Daemonette,Chaos Daemons
Daemonette Horn Bearer,3,â—¯,2,1,3,0,6,8,"CHAOS DAEMONðŸ’€, CHAOS, DAEMON, SLAANESH, DAEMONETTE, HORN BEARER",1,0,0,4,DAEMON:,"Instrument of Chaos (1AP): Until the end of the Turning Point, each time a friendly DAEMONETTE operative performs a Normal Move or Charge action, it can move an additional â–²",SEEK & DESTROYRECON,104,Daemonette,Chaos Daemons
Alluress,3,â—¯,2,1,3,0,6,9,"CHAOS DAEMONðŸ’€, CHAOS, DAEMON, SLAANESH, DAEMONETTE, LEADER, ALLURESS",1,0,0,4,DAEMON:,-0,SEEK & DESTROYRECON,105,Daemonette,Chaos Daemons
Plaguebearer Fighter,2,â—¯,2,1,3,0,5,8,"CHAOS DAEMONðŸ’€, CHAOS, DAEMON, NURGLE, PLAGUEBEARER, FIGHTER",0,2,0,0,"DAEMON:
DISGUSTINGLY RESILIENT: Each time this operative would lose a wound, roll one D6: on a 5+, that wound is not lost. Other than the effects of Battle Scars, this operative cannot be injured. ",-0,SECURITY,106,Plaguebearer,Chaos Daemons
Plaguebearer Icon Bearer,2,â—¯,2,1,3,0,5,8,"CHAOS DAEMONðŸ’€, CHAOS, DAEMON, NURGLE, PLAGUEBEARER, ICON BEARER",0,2,0,0,"DAEMON:
DISGUSTINGLY RESILIENT: Each time this operative would lose a wound, roll one D6: on a 5+, that wound is not lost. Other than the effects of Battle Scars, this operative cannot be injured. 
ICON BEARER: When determining control of an objective marker, treat thsi operative's APL characteristic as being 1 higher. Note this is NOT a modifier","Daemonic Icon (1AP): Until the end of the Turning Point, while this operative is within â–  of a friendly PLAGUEBEARER operative, that friendly operative is invigorated by Chaos. While an operative is invigorated by Chaos, improve its invulnerable save by 1. ",SECURITY,107,Plaguebearer,Chaos Daemons
Plaguebearer Horn Bearer,2,â—¯,2,1,3,0,5,8,"CHAOS DAEMONðŸ’€, CHAOS, DAEMON, NURGLE, PLAGUEBEARER, HORN BEARER",0,2,0,0,"DAEMON:
DISGUSTINGLY RESILIENT: Each time this operative would lose a wound, roll one D6: on a 5+, that wound is not lost. Other than the effects of Battle Scars, this operative cannot be injured. ","Instrument of Chaos (1AP): Until the end of the Turning Point, each time a friendly PLAGUEBEARER operative performs a Normal Move or Charge action, it can move an additional â–² ",SECURITY,108,Plaguebearer,Chaos Daemons
Plagueridden,2,â—¯,2,1,3,0,5,9,"CHAOS DAEMONðŸ’€, CHAOS, DAEMON, NURGLE, PLAGUEBEARER, PLAGUERIDDEN, LEADER",0,2,0,0,"DAEMON:
DISGUSTINGLY RESILIENT: Each time this operative would lose a wound, roll one D6: on a 5+, that wound is not lost. Other than the effects of Battle Scars, this operative cannot be injured. ",-0,SECURITY,109,Plaguebearer,Chaos Daemons
Pink Horror Fighter,3,â—¯,2,1,3,0,6,8,"CHAOS DAEMONðŸ’€, CHAOS, DAEMON, TZEENCH, PINK HORROR, FIGHTER",0,0,3,0,DAEMON:,,SECURITY,110,Pink Horror,Chaos Daemons
Pink Horror Icon Bearer,3,â—¯,2,1,3,0,6,8,"CHAOS DAEMONðŸ’€, CHAOS, DAEMON, TZEENCH, PINK HORROR, ICON BEARER",0,0,3,0,"DAEMON:
ICON BEARER: When determining control of an objective marker, treat thsi operative's APL characteristic as being 1 higher. Note this is NOT a modifier","Daemonic Icon (1AP) Until the end of the Turning Point, while this operative is within â–  of a friendly PINK HORROR operative, that friendly operative is invigorated by Chaos. While an operative is invigorated by Chaos, improve as invulnerable save by 1. ",SECURITY,111,Pink Horror,Chaos Daemons
Pink Horror Horn Bearer,3,â—¯,2,1,3,0,6,8,"CHAOS DAEMONðŸ’€, CHAOS, DAEMON, TZEENCH, PINK HORROR, HORN BEARER",0,0,3,0,DAEMON:,"Instrument of Chaos (1AP): Until the end of the Turning Point, each time a friendly PINK HORROR operative performs a Normal Move or Charge action, it can move an additional â–²",SECURITY,112,Pink Horror,Chaos Daemons
Pink Horror Iricescent,3,â—¯,2,1,3,0,6,9,"CHAOS DAEMONðŸ’€, CHAOS, DAEMON, TZEENCH, PINK HORROR, IRIDESCENT, LEADER",0,0,3,0,DAEMON:,,SECURITY,113,Pink Horror,Chaos Daemons
Blue Horror,3,â—¯,2,2,3,0,6,6,"CHAOS DAEMONðŸ’€, CHAOS, DAEMON, TZEENCH, BRIMSTONE HORROR",0,0,3,4,EPHEMERAL DAEMON: This operative has a 6+ invulnerable save.,,SECURITYRECON,114,Blue Horror,Chaos Daemons
Brimstone Horror,2,â—¯,2,1,2,0,6,5,"CHAOS DAEMONðŸ’€, CHAOS, DAEMON, TZEENCH, BLUE HORROR",0,0,0,0,"EPHEMERAL DAEMON: This operative has a 6+ invulnerable save.
INSIGNIFICANT: Each time this operative would perform a mission action or the Pick Up action, you must subtract one additional AP to do so. This operative cannot be equipped with equipment. Note that in narrative play, this operative does not have a narrative datacard and is no longer part of your kill team after the game. ",,SECURITYRECON,115,Blue Horror,Chaos Daemons
Battle Sister Warrior,3,â—¯,2,1,3,0,3,8,"ECCLESIARCHYðŸ’€, IMPERIUM, ADEPTUS MINISTRORUM, ADEPTA SORORITAS, <ENTER CUSTOM KEYWORD>, BATTLE SISTER, WARRIOR",0,2,3,0,-0,-0,SECURITY,116,Battle Sister,Ecclesiarchy
Battle Sister Icon Bearer,3,â—¯,2,1,3,0,3,8,"ECCLESIARCHYðŸ’€, IMPERIUM, ADEPTUS MINISTRORUM, ADEPTA SORORITAS, <ENTER CUSTOM KEYWORD>, BATTLE SISTER, ICON BEARER",0,2,3,0,"ICON BEARER: When determining control of an objective marker, treat thsi operative's APL characteristic as being 1 higher. Note this is NOT a modifier. In narrative play this is cumulative with the focused Battle Honour.","Icon of Purity (1AP): Until the end of the Turning Point, while this operative is Visible to and within â–  a friendly ADEPTA SORORITAS operative, that friendly operative is inspired by purity. While an operative is inspired by purity, each time it fights in combat or makes a shooting attack, in the Roll Attack Dice step of that combat or shooting attack, you can retain one of your attack dice results of 5+ that is a successful hit as a critical hit. ",SECURITY,117,Battle Sister,Ecclesiarchy
Battle Sister Gunner,3,â—¯,2,1,3,0,3,8,"ECCLESIARCHYðŸ’€, IMPERIUM, ADEPTUS MINISTRORUM, ADEPTA SORORITAS, <ENTER CUSTOM KEYWORD>, BATTLE SISTER, GUNNER",0,2,3,0,-0,-0,SECURITY,118,Battle Sister,Ecclesiarchy
Battle Sister Heavy Gunner,3,â—¯,2,1,3,0,3,8,"ECCLESIARCHYðŸ’€, IMPERIUM, ADEPTUS MINISTRORUM, ADEPTA SORORITAS, <ENTER CUSTOM KEYWORD>, BATTLE SISTER, HEAVY GUNNER",0,2,3,0,-0,-0,SECURITY,119,Battle Sister,Ecclesiarchy
Battle Sister Superior,3,â—¯,2,1,3,0,3,9,"ECCLESIARCHYðŸ’€, IMPERIUM, ADEPTUS MINISTRORUM, ADEPTA SORORITAS, <ENTER CUSTOM KEYWORD>, BATTLE SISTER, SISTER SUPERIOR, LEADER",0,2,3,0,Combi: An operative equipped with this weapon is also equipped with a boltgun. ,-0,SECURITY,120,Battle Sister,Ecclesiarchy
Sister Repentia,3,â—¯,2,1,3,0,6,7,"ECCLESIARCHYðŸ’€, IMPERIUM, ADEPTUS MINISTRORUM, ADEPTA SORORITAS, <ENTER CUSTOM KEYWORD>, SISTER, REPENTIA, SUPERIOR, LEADER",1,0,0,4,"Solace in Anguish: Each time this operative would lose a wound, roll one 06: on a 5+, that wound is not lost. ",,SEEK & DESTROY,121,Repentia,Ecclesiarchy
Repentia Superior,3,â—¯,2,1,3,0,3,9,"ECCLESIARCHYðŸ’€, IMPERIUM, ADEPTUS MINISTRORUM, ADEPTA SORORITAS, <ENTER CUSTOM KEYWORD>, SISTER, REPENTIA",1,2,0,0,-0,"Whip Into Fury (1AP): Select one friendly SISTER REPENTIA operative within â–  of and Visible to this operative. Add 1 to that friendly operative's APL and, until the end of that operative's next activation, add â—¯ to that friendly operative's Movement characteristic. ",SEEK & DESTROY,122,Repentia,Ecclesiarchy
Arco-Flagellant,3,â—¯,2,1,3,0,6,10,"ECCLESIARCHYðŸ’€, IMPERIUM, ADEPTUS MINISTRORUM, ARCO-FLAGELLANT",1,0,0,4,"Berserk Killing Machine: Each time this operative would lose a wound, roll one D6: on a 5+, that wound is not lost. This operative cannot perform mission actions or Pick Up actions. Unless otherwise specified, this operative cannot be equipped with equipment. ",,SEEK & DESTROY,123,Arco-Flagellant,Ecclesiarchy
Skitarii Ranger Trooper,3,â—¯,2,1,3,0,4,7,"FORGE WORLDðŸ’€, IMPERIUM, ADEPTUS MECHANICUS, <ENTER CUSTOM KEYWORD>, SKITARII, RANGER, TROOPER",0,0,3,4,,,SECURITYRECON,124,Skitarii Ranger,Forge World
Skitarii Ranger Gunner,3,â—¯,2,1,3,0,4,7,"FORGE WORLDðŸ’€, IMPERIUM, ADEPTUS MECHANICUS, <ENTER CUSTOM KEYWORD>, SKITARII, RANGER, GUNNER",0,0,3,0,,,SECURITYRECON,125,Skitarii Ranger,Forge World
Skitarii Ranger Alpha,3,â—¯,2,1,3,0,4,8,"FORGE WORLDðŸ’€, IMPERIUM, ADEPTUS MECHANICUS, <ENTER CUSTOM KEYWORD>, SKITARII, RANGER, ALPHA, LEADER",1,0,3,4,,,SECURITYRECON,126,Skitarii Ranger,Forge World
Skitarii Vanguard Trooper,3,â—¯,2,1,3,0,4,7,"FORGE WORLDðŸ’€, IMPERIUM, ADEPTUS MECHANICUS, <ENTER CUSTOM KEYWORD>, SKITARII, VANGUARD, TROOPER",0,0,3,4,,,SECURITY,127,Skitarii Vanguard,Forge World
Skitarii Vanguard Gunner,3,â—¯,2,1,3,0,4,7,"FORGE WORLDðŸ’€, IMPERIUM, ADEPTUS MECHANICUS, <ENTER CUSTOM KEYWORD>, SKITARII, VANGUARD, GUNNER",0,0,3,0,,,SECURITY,128,Skitarii Vanguard,Forge World
Skitarii Vanguard Alpha,3,â—¯,2,1,3,0,4,8,"FORGE WORLDðŸ’€, IMPERIUM, ADEPTUS MECHANICUS, <ENTER CUSTOM KEYWORD>, SKITARII, VANGUARD, ALPHA, LEADER",1,2,3,0,,,SECURITY,129,Skitarii Vanguard,Forge World
Sicarian Ruststalker Trooper,3,â—¯,2,1,3,0,4,10,"FORGE WORLDðŸ’€, IMPERIUM, ADEPTUS MECHANICUS, <ENTER CUSTOM KEYWORD>, SKITARII, SICARIAN, RUSTSTALKER, TROOPER",1,0,0,4,,,SEEK & DESTROYRECONINFILTRATION,130,Sicarian,Forge World
Sicarian Ruststalker Princeps,3,â—¯,2,1,3,0,4,11,"FORGE WORLDðŸ’€, IMPERIUM, ADEPTUS MECHANICUS, <ENTER CUSTOM KEYWORD>, SKITARII, SICARIAN, RUSTSTALKER, PRINCEPS, LEADER",1,0,0,4,,,SEEK & DESTROYRECONINFILTRATION,131,Sicarian,Forge World
Sicarian Infiltrator Trooper,3,â—¯,2,1,3,0,4,10,"FORGE WORLDðŸ’€, IMPERIUM, ADEPTUS MECHANICUS, <ENTER CUSTOM KEYWORD>, SKITARII, SICARIAN, INFILTRATOR, TROOPER",1,0,3,4,,,SEEK & DESTROYRECONINFILTRATION,132,Sicarian,Forge World
Sicarian Infiltrator Princeps,3,â—¯,2,1,3,0,4,11,"FORGE WORLDðŸ’€, IMPERIUM, ADEPTUS MECHANICUS, <ENTER CUSTOM KEYWORD>, SKITARII, SICARIAN, INFILTRATOR, ALPHA, LEADER",1,0,3,4,,,SEEK & DESTROYRECONINFILTRATION,133,Sicarian,Forge World
Skitarii Ranger Marksman,3,â—¯,2,1,3,0,4,7,"HUNTER CADREðŸ’€, IMPERIUM, ADEPTUS MECHANICUS, <ENTER CUSTOM KEYWORD>, SKITARII, RANGER, MARKSMAN",0,0,3,4,,,SEEK & DESTROYRECON,134,Skitarii Ranger HC,Hunter Clade
Skitarii Ranger Diktat,3,â—¯,2,1,3,0,4,7,"HUNTER CADREðŸ’€, IMPERIUM, ADEPTUS MECHANICUS, <ENTER CUSTOM KEYWORD>, SKITARII, RANGER, DIKTAT",0,0,0,4,,ENHANCED DATA-TEATHER (1AP): Select one friendly HUNTER CADREðŸ’€ operative Visible to and within â¬Ÿ of this operative. Add 1 to it's APL. This operative cannot perform this action while within Engagement Range of an enemy operative.,SEEK & DESTROYRECON,135,Skitarii Ranger HC,Hunter Clade
Skitarii Ranger Surveyor,3,â—¯,2,1,3,0,4,7,"HUNTER CADREðŸ’€, IMPERIUM, ADEPTUS MECHANICUS, <ENTER CUSTOM KEYWORD>, SKITARII, RANGER, SURVEYOR",0,0,0,4,,"OMNISPEX (1AP): Select 1 friendly HUNTER CLADEðŸ’€ Operative Visible & within â–  of this Operative, then select one enemy Operative (ENEMYOP) Until this Turning Point ends, that Friendly Operative gains: Areas of smoke have no effect when determining LoS to ENEMYOP & ENEMYOP is not Obscured. Against ENEMYOP, the friendly operative's ranged weapons gain the No Cover rule. NB: This action can't be performed within Engagement Range of enemies.",SEEK & DESTROYRECON,136,Skitarii Ranger HC,Hunter Clade
Skitarii Ranger Gunner HC,3,â—¯,2,1,3,0,4,7,"HUNTER CADREðŸ’€, IMPERIUM, ADEPTUS MECHANICUS, <ENTER CUSTOM KEYWORD>, SKITARII, RANGER, GUNNER",0,0,3,0,,,SEEK & DESTROYRECON,137,Skitarii Ranger HC,Hunter Clade
Skitarii Ranger Alpha HC,3,â—¯,2,1,3,0,4,8,"HUNTER CADREðŸ’€, IMPERIUM, ADEPTUS MECHANICUS, <ENTER CUSTOM KEYWORD>, SKITARII, RANGER, ALPHA, LEADER",1,0,3,4,"CONTROL EDICT: Once per Turning Point, when a ready friendly HUNTER CLADEðŸ’€ operative is activated within â–  of this operative, you can select another ready friendly HUNTER CLADEðŸ’€ operative within â–  of this operative that is eligible to be activated. After that first friendly operative has been activated, you can immediately activate that other friendly operative.",,SEEK & DESTROYRECON,138,Skitarii Ranger HC,Hunter Clade
Skitarii Vanguard Shocktrooper,3,â—¯,2,1,3,0,4,7,"HUNTER CADREðŸ’€, IMPERIUM, ADEPTUS MECHANICUS, <ENTER CUSTOM KEYWORD>, SKITARII, VANGUARD, SHOCKTROOPER",0,2,3,0,"RAD-SATURATION: While an enemy operative is Visible to and within â—¯ of friendly operatives with this ability, that enemy operative is treated as being injured (only subtract â—¯ from that enemy operative's Movement characteristic as a result of it being injured if it is activated, Visible to and within â—¯ of friendly operatives with this ability)",,SEEK & DESTROYRECON,139,Skitarii Vanguard HC,Hunter Clade
Skitarii Vanguard Diktat,3,â—¯,2,1,3,0,4,7,"HUNTER CADREðŸ’€, IMPERIUM, ADEPTUS MECHANICUS, <ENTER CUSTOM KEYWORD>, SKITARII, VANGUARD, DIKTAT",0,2,3,0,"RAD-SATURATION: While an enemy operative is Visible to and within â—¯ of friendly operatives with this ability, that enemy operative is treated as being injured (only subtract â—¯ from that enemy operative's Movement characteristic as a result of it being injured if it is activated, Visible to and within â—¯ of friendly operatives with this ability)",ENHANCED DATA-TEATHER (1AP): Select one friendly HUNTER CADREðŸ’€ operative Visible to and within â¬Ÿ of this operative. Add 1 to it's APL. This operative cannot perform this action while within Engagement Range of an enemy operative.,SEEK & DESTROYRECON,140,Skitarii Vanguard HC,Hunter Clade
Skitarii Vanguard Surveyor,3,â—¯,2,1,3,0,4,7,"HUNTER CADREðŸ’€, IMPERIUM, ADEPTUS MECHANICUS, <ENTER CUSTOM KEYWORD>, SKITARII, VANGUARD, SURVEYOR",0,2,3,0,"RAD-SATURATION: While an enemy operative is Visible to and within â—¯ of friendly operatives with this ability, that enemy operative is treated as being injured (only subtract â—¯ from that enemy operative's Movement characteristic as a result of it being injured if it is activated, Visible to and within â—¯ of friendly operatives with this ability)","OMNISPEX (1AP): Select 1 friendly HUNTER CLADEðŸ’€ Operative Visible & within â–  of this Operative, then select one enemy Operative (ENEMYOP) Until this Turning Point ends, that Friendly Operative gains: Areas of smoke have no effect when determining LoS to ENEMYOP & ENEMYOP is not Obscured. Against ENEMYOP, the friendly operative's ranged weapons gain the No Cover rule. NB: This action can't be performed within Engagement Range of enemies.",SEEK & DESTROYRECON,141,Skitarii Vanguard HC,Hunter Clade
Skitarii Vanguard Gunner HC,3,â—¯,2,1,3,0,4,7,"HUNTER CADREðŸ’€, IMPERIUM, ADEPTUS MECHANICUS, <ENTER CUSTOM KEYWORD>, SKITARII, VANGUARD, GUNNER",0,0,3,0,"RAD-SATURATION: While an enemy operative is Visible to and within â—¯ of friendly operatives with this ability, that enemy operative is treated as being injured (only subtract â—¯ from that enemy operative's Movement characteristic as a result of it being injured if it is activated, Visible to and within â—¯ of friendly operatives with this ability)",,SEEK & DESTROYRECON,142,Skitarii Vanguard HC,Hunter Clade
Skitarii Vanguard Alpha HC,3,â—¯,2,1,3,0,4,8,"HUNTER CADREðŸ’€, IMPERIUM, ADEPTUS MECHANICUS, <ENTER CUSTOM KEYWORD>, SKITARII, VANGUARD, ALPHA, LEADER",1,2,3,0,"RAD-SATURATION: While an enemy operative is Visible to and within â—¯ of friendly operatives with this ability, that enemy operative is treated as being injured (only subtract â—¯ from that enemy operative's Movement characteristic as a result of it being injured if it is activated, Visible to and within â—¯ of friendly operatives with this ability)","CONTROL EDICT: Once per Turning Point, when a ready friendly HUNTER CLADEðŸ’€ operative is activated within â–  of this operative, you can select another ready friendly HUNTER CLADEðŸ’€ operative within â–  of this operative that is eligible to be activated. After that first friendly operative has been activated, you can immediately activate that other friendly operative.",SEEK & DESTROYRECON,143,Skitarii Vanguard HC,Hunter Clade
Sicarian Ruststalker Assassin,3,â—¯,2,1,3,0,4,10,"HUNTER CADREðŸ’€, IMPERIUM, ADEPTUS MECHANICUS, <ENTER CUSTOM KEYWORD>, SKITARII, SICARIAN, RUSTSTALKER, ASSASSIN",1,0,0,4,"Wasteland Stalkers: Each time a shooting attack is made against this operative, in the Roll Defence Dice step of that shooting attack, before rolling your defence dice, if it is in Cover, one additional dice can be retained as a successful normal save as a result of Cover.",,SEEK & DESTROYRECON,144,Sicarian HC,Hunter Clade
Sicarian Ruststalker Princeps HC,3,â—¯,2,1,3,0,4,11,"HUNTER CADREðŸ’€, IMPERIUM, ADEPTUS MECHANICUS, <ENTER CUSTOM KEYWORD>, SKITARII, SICARIAN, RUSTSTALKER, PRINCEPS, LEADER",1,0,0,4,"Wasteland Stalkers: Each time a shooting attack is made against this operative, in the Roll Defence Dice step of that shooting attack, before rolling your defence dice, if it is in Cover, one additional dice can be retained as a successful normal save as a result of Cover.",,SEEK & DESTROYRECON,145,Sicarian HC,Hunter Clade
Sicarian Infiltrator Tracker,3,â—¯,2,1,3,0,4,10,"HUNTER CADREðŸ’€, IMPERIUM, ADEPTUS MECHANICUS, <ENTER CUSTOM KEYWORD>, SKITARII, SICARIAN, INFILTRATOR, TRACKER",1,0,3,4,,,SEEK & DESTROYRECON,146,Sicarian HC,Hunter Clade
Sicarian Infiltrator Princeps HC,3,â—¯,2,1,3,0,4,11,"HUNTER CADREðŸ’€, IMPERIUM, ADEPTUS MECHANICUS, <ENTER CUSTOM KEYWORD>, SKITARII, SICARIAN, INFILTRATOR, PRINCEPS, LEADER",1,0,3,4,"DATA PREHENSILES: Once per turning Point, during this operatives activation, it can perform a mission action for one less AP (to a minimum of 0). This is NOT cumulative with the Servo-skull equipment.",,SEEK & DESTROYRECON,147,Sicarian HC,Hunter Clade
Guardsman Trooper,3,â—¯,2,1,3,0,5,7,"IMPERIAL GUARDðŸ’€, IMPERIUM, ASTRA MILITARUM, <ENTER CUSTOM KEYWORD>, TEMPESTUS SCION, TROOPER",0,0,3,4,-0,-0,SECURITY,148,Guardsman,Imperial Guard
Guardsman Comms,3,â—¯,2,1,3,0,5,7,"IMPERIAL GUARDðŸ’€, IMPERIUM, ASTRA MILITARUM, <ENTER CUSTOM KEYWORD>, GUARDSMAN, COMMS",0,2,0,4,"Relay Orders: Once in each Turning Point, when this operative is issued a Guardsman Order, it can relay it. If an order is relayed, subtract 1 from this operative's API and all friendly GUARDSMAN operatives in the killzone are issued that order. ",Signal (1AP): Select one friendly GUARDSMAN operative within â¬Ÿ of and Visible to this operative. Add 1 to the friendly operative's APL. This operative cannot perform this action while within Engagement Range of enemy operatives. ,SECURITY,149,Guardsman,Imperial Guard
Guardsman Gunner,3,â—¯,2,1,3,0,5,7,"IMPERIAL GUARDðŸ’€, IMPERIUM, ASTRA MILITARUM, <ENTER CUSTOM KEYWORD>, GUARDSMAN, GUNNER",0,0,3,0,-0,-0,SECURITY,150,Guardsman,Imperial Guard
Guardsman Sergeant,3,â—¯,2,1,3,0,5,8,"IMPERIAL GUARDðŸ’€, IMPERIUM, ASTRA MILITARUM, <ENTER CUSTOM KEYWORD>, LEADER, GUARDSMAN, SERGEANT",1,2,3,0,-0,-0,SECURITY,151,Guardsman,Imperial Guard
Tempestus Scion Trooper,3,â—¯,2,1,3,0,4,8,"IMPERIAL GUARDðŸ’€, IMPERIUM, ASTRA MILITARUM, <ENTER CUSTOM KEYWORD>, TEMPESTUS SCION, TROOPER",0,0,3,4,-0,-0,SEEK & DESTROYRECONINFILTRATIONSECURITY,152,Tempestus Scion,Imperial Guard
Tempestus Scion Comms,3,â—¯,2,1,3,0,4,8,"IMPERIAL GUARDðŸ’€, IMPERIUM, ASTRA MILITARUM, <ENTER CUSTOM KEYWORD>, TEMPESTUS SCION, COMMS",0,2,0,4,-0,Signal (1AP): Select one friendly TEMPESTUS SCION operative in the killzone. Add 1 to its APL. This operative cannot perform this action while within Engagement Range of enemy operatives. This operative can perform this action more than once during its activation. ,SEEK & DESTROYRECONINFILTRATIONSECURITY,153,Tempestus Scion,Imperial Guard
Tempestus Scion Gunner,3,â—¯,2,1,3,0,4,8,"IMPERIAL GUARDðŸ’€, IMPERIUM, ASTRA MILITARUM, <ENTER CUSTOM KEYWORD>, TEMPESTUS SCION, GUNNER",0,0,3,0,-0,-0,SEEK & DESTROYRECONINFILTRATIONSECURITY,154,Tempestus Scion,Imperial Guard
Tempestor,3,â—¯,2,1,3,0,4,9,"IMPERIAL GUARDðŸ’€, IMPERIUM, ASTRA MILITARUM, <ENTER CUSTOM KEYWORD>, LEADER, TEMPESTUS SCION, TEMPESTOR",1,2,3,0,"Accomplished Leader. In each of your Strategy phases, if this operative is in the killzone, you can use one Strategic Ploy without spending any Command Points. ",-0,SEEK & DESTROYRECONINFILTRATIONSECURITY,155,Tempestus Scion,Imperial Guard
Trooper Veteran,3,â—¯,2,2,3,0,5,7,"VETERAN GUARDSMANðŸ’€, IMPERIUM, ASTRA MILITARUM, <ENTER CUSTOM KEYWORD>, TROOPER VETERAN",0,0,3,4,-0,-0,SECURITY,156,Veteran Guardsman,Veteran Guardsman
Sergeant Veteran,3,â—¯,2,1,3,0,5,8,"VETERAN GUARDSMANðŸ’€, IMPERIUM, ASTRA MILITARUM, <ENTER CUSTOM KEYWORD>, LEADER, SERGEANT VETERAN",0,0,3,4,GUARDSMEN ORDERS,-0,SECURITY,157,Veteran Guardsman,Veteran Guardsman
Sniper Veteran,3,â—¯,2,1,3,0,5,7,"VETERAN GUARDSMANðŸ’€, IMPERIUM, ASTRA MILITARUM, <ENTER CUSTOM KEYWORD>, SNIPER VETERAN",0,0,3,0,"SNIPER: Each time this operative is activated, so long as it does not perform a Normal Move, Charge or Fall Back action during that activation, its long-las gains the Silent special rule for that activation. ",-0,SECURITY,158,Veteran Guardsman,Veteran Guardsman
Gunner Veteran,3,â—¯,2,1,3,0,5,7,"VETERAN GUARDSMANðŸ’€, IMPERIUM, ASTRA MILITARUM, <ENTER CUSTOM KEYWORD>, GUNNER VETERAN",0,0,3,0,-0,-0,SECURITY,159,Veteran Guardsman,Veteran Guardsman
Confidant Veteran,3,â—¯,2,1,3,0,5,7,"VETERAN GUARDSMANðŸ’€, IMPERIUM, ASTRA MILITARUM, <ENTER CUSTOM KEYWORD>, CONFIDANT VETERAN",1,2,3,0,"SECOND IN COMMAND: If a friendly SERGEANT VETERAN operative is incapacitated and removed from the killzone, you can nominate this operative for command. If you do, until the end of the battle, it gains the LEADER keyword and the Guardsman Orders ability","DIRECTIVE: Each time this operative is activated, if it has not been nominated for command, you can select one ready friendly VETERAN GUARDSMANðŸ’€ operative within â¬Ÿ of and Visible to it. After this operative's activation ends, activate that operative, and treat its Group Activation characteristic as 1 for that activation. ",SECURITY,160,Veteran Guardsman,Veteran Guardsman
Demolition Veteran,3,â—¯,2,1,3,0,5,7,"VETERAN GUARDSMANðŸ’€, IMPERIUM, ASTRA MILITARUM, <ENTER CUSTOM KEYWORD>, DEMOLITION VETERAN",0,2,0,4,"DETONATE: Each time this operative makes a Shoot action using its remote mine, make a shooting attack against each operative within â–  of the centre of its Mine token with that weapon. When making those shooting attacks, each operative is treated as being Visible, but when determining if it is in Cover, treat this operative's Mine token as the active operative. Then remove this operative's Mine token. An operative cannot make a shooting attack with this weapon by performing an Overwatch action, or if its Mine token is not in the killzone. ","PLANT MINE (1AP): Place a Mine token within â–² of this operative, then perform a free Dash action with this operative. This operative cannot perform this action if it is within Engagement Range of an enemy operative, or if this operative's Mine token is in the killzone. If this operative is incapacitated and removed from the killzone, remove its Mine token. ",SECURITY,161,Veteran Guardsman,Veteran Guardsman
Zealot Veteran,3,â—¯,2,1,3,0,5,7,"VETERAN GUARDSMANðŸ’€, IMPERIUM, ASTRA MILITARUM, <ENTER CUSTOM KEYWORD>, ZEALOT VETERAN",0,2,0,0,"THE EMPEROR PROTECTS: Each time a shooting attack is made against this operative, in the Roll Defence Dice step of that shooting attack, you can re-roll any or all of your defence dice. ","UPLIFTING PRIMER (1AP): Until the end of the Turning Point, while a friendly VETERAN GUARDSMANðŸ’€ operative is within â–  of this operative, that friendly operative is uplifted. While an operative is uplifted, each time it fights in combat or makes a shooting attack, in the Roll Attack Dice step of that combat or shooting attack, you can select one of your results of 5+ to be retained as a critical hit ",SECURITY,162,Veteran Guardsman,Veteran Guardsman
Medic Veteran,3,â—¯,2,1,3,0,5,7,"VETERAN GUARDSMANðŸ’€, IMPERIUM, ASTRA MILITARUM, <ENTER CUSTOM KEYWORD>, MEDIC VETERAN",0,2,0,4,"MEDIC!: Once per Turning Point, the first time a friendly VETERAN GUARDSMANðŸ’€ operative would be incapacitated while Visible to and within â–  of this operative and not within Engagement Range of an enemy operative, if this operative is not within Engagement Range of an enemy operative, this operative can revive it. That operative is not incapacitated, has 1 wound remaining, and if it was a shooting attack, any remaining attack dice are discarded. That other friendly operative can then perform a free Dash action, but must finish that move within â–² of this operative. Subtract 1 from both operatives' APL. ","MEDKIT (1AP): Select one friendly VETERAN GUARDSMANðŸ’€, operative within â–² of and Visible to this operative. That operative regains 2D3 lost wounds. An operative cannot be selected for this if it was revived using the Medic! ability during the same Turning Point. This operative cannot perform this action if it is within Engagement Range of an enemy operative. ",SECURITY,163,Veteran Guardsman,Veteran Guardsman
Comms Veteran,3,â—¯,2,1,3,0,5,7,"VETERAN GUARDSMANðŸ’€, IMPERIUM, ASTRA MILITARUM, <ENTER CUSTOM KEYWORD>, COMMS VETERAN",0,2,0,4,"Relay Orders: Once in each Turning Point, when this operative is issued a Guardsman Order, it can relay it. If an order is relayed, subtract 1 from this operative's API and all friendly VETERAN GUARDSMANðŸ’€ operatives in the killzone are issued that order. ",Signal (1AP): Select one friendly VETERAN GUARDSMANðŸ’€ operative within â¬Ÿ of and Visible to this operative. Add 1 to the friendly operative's APL. This operative cannot perform this action while within Engagement Range of enemy operatives. ,SECURITY,164,Veteran Guardsman,Veteran Guardsman
Bruiser Veteran,3,â—¯,2,1,3,0,5,7,"VETERAN GUARDSMANðŸ’€, IMPERIUM, ASTRA MILITARUM, <ENTER CUSTOM KEYWORD>, BRUISER VETERAN",1,2,0,0,"BRUISER: Once per Turning Point, when this operative fights in combat, in the resolve successful hits step of that combat, you can ignore the damage inflicted on it from one normal hit. ",-0,SECURITY,165,Veteran Guardsman,Veteran Guardsman
Hardened Veteran,3,â—¯,2,1,3,0,5,7,"VETERAN GUARDSMANðŸ’€, IMPERIUM, ASTRA MILITARUM, <ENTER CUSTOM KEYWORD>, HARDENED VETERAN",1,2,0,0,"HARDENED BY WAR: Each time this operative would lose a wound, roll one D6: on a 5+, that wound is not lost. You can ignore any or all modifiers to this operative's APL. ",-0,SECURITY,166,Veteran Guardsman,Veteran Guardsman
Spotter Veteran,3,â—¯,2,1,3,0,5,7,"VETERAN GUARDSMANðŸ’€, IMPERIUM, ASTRA MILITARUM, <ENTER CUSTOM KEYWORD>, SPOTTER VETERAN",0,0,0,4,-0,"SPOTTER (2AP): Select one enemy operative Visible to this operative, then select one other ready friendly VETERAN GUARDSMANðŸ’€, operative with a Group Activation characteristic of 1 within â—¯ of and Visible to this operative. After this activation ends, you can activate that other friendly operative, and during its next activation, it treats that enemy operative as if it has an Engage order. This operative cannot perform this action if it is within Engagement Range of an enemy operative. ",SECURITY,167,Veteran Guardsman,Veteran Guardsman
Kabalite Warrior,3,â—¯,2,1,3,0,4,8,"COMMORRITEðŸ’€, AELDARI, DRUKHARI, <ENTER CUSTOM KEYWORD>, KABALITE, WARRIOR",0,0,3,4,-0,-0,SECURITYRECON,168,Kabalite,Commorite
Sybarite,3,â—¯,2,1,3,0,4,9,"COMMORRITEðŸ’€, AELDARI, DRUKHARI, <ENTER CUSTOM KEYWORD>, KABALITE, SYBARITE, LEADER",1,0,3,4,-0,-0,SECURITYRECON,169,Kabalite,Commorite
Kabalite Gunner,3,â—¯,2,1,3,0,4,8,"COMMORRITEðŸ’€, AELDARI, DRUKHARI, <ENTER CUSTOM KEYWORD>, KABALITE, GUNNER",0,0,3,4,-0,-0,SECURITYRECON,170,Kabalite,Commorite
Kabalite Heavy Gunner,3,â—¯,2,1,3,0,4,8,"COMMORRITEðŸ’€, AELDARI, DRUKHARI, <ENTER CUSTOM KEYWORD>, KABALITE, HEAVY GUNNER",0,0,3,0,-0,-0,SECURITYRECON,171,Kabalite,Commorite
Wych Warrior,3,â—¯,2,1,3,0,6,8,"COMMORRITEðŸ’€, AELDARI, DRUKHARI, <ENTER CUSTOM KEYWORD>, WYCH, WARRIOR",0,0,3,4,DODGE: This Operative has a 5+ invulnerable save.,-0,SEEK & DESTROYRECON,172,Wych,Commorite
Hekatrix,3,â—¯,2,1,3,0,6,9,"COMMORRITEðŸ’€, AELDARI, DRUKHARI, <ENTER CUSTOM KEYWORD>, WYCH, HEKATRIX, LEADER",0,0,3,4,DODGE: This Operative has a 5+ invulnerable save.,-0,SEEK & DESTROYRECON,173,Wych,Commorite
Wych Fighter,3,â—¯,2,1,3,0,6,8,"COMMORRITEðŸ’€, AELDARI, DRUKHARI, <ENTER CUSTOM KEYWORD>, WYCH, FIGHTER",0,0,3,4,"DODGE: This Operative has a 5+ invulnerable save.
SHARDNET & IMPALER: While an enemy operative is within Engagement Range of friendly operatives equipped with this weapon, subtract 1 from that enemy operative's Attacks characteristic. ",-0,SEEK & DESTROYRECON,174,Wych,Commorite
Boss Nob,3,â—¯,2,1,3,0,4,13,"GREENSKINðŸ’€, ORK, <ENTER CUSTOM KEYWORD>, LEADER, BOY, BOSS NOB",1,2,0,0,*KOMBI: An operative equipped with this weapon is also equipped with a shoota,,SEEK & DESTROYSECURITY,175,Boy,Greenskin
Boy Fighter,3,â—¯,2,1,3,0,5,10,"GREENSKINðŸ’€, ORK, <ENTER CUSTOM KEYWORD>, BOY, FIGHTER",1,0,3,0,,,SEEK & DESTROYSECURITY,176,Boy,Greenskin
Boy Gunner,3,â—¯,2,1,3,0,5,10,"GREENSKINðŸ’€, ORK, <ENTER CUSTOM KEYWORD>, BOY, GUNNER",0,2,3,0,,,SEEK & DESTROYSECURITY,177,Boy,Greenskin
Gretchin,3,â—¯,2,2,3,0,6,5,"GREENSKINðŸ’€, ORK, <ENTER CUSTOM KEYWORD>, BOY, GRETCHIN",0,0,3,4,RUNT: This operative cannot be equipped with equipment. This operative cannot benefir from your Strategic and Tactical Ploys.,,SEEK & DESTROYSECURITY,181,Boy,Greenskin
Burna Boy,3,â—¯,2,1,3,0,5,10,"GREENSKINðŸ’€, ORK, <ENTER CUSTOM KEYWORD>, SPESHULIST, BURNER BOY",0,2,3,0,,,SEEK & DESTROY,178,Speshulist,Greenskin
Loota,3,â—¯,2,1,3,0,5,10,"GREENSKINðŸ’€, ORK, <ENTER CUSTOM KEYWORD>, SPESHULIST, LOOTA",0,2,3,0,,,SEEK & DESTROY,182,Speshulist,Greenskin
Spanner,3,â—¯,2,1,3,0,5,11,"GREENSKINðŸ’€, ORK, <ENTER CUSTOM KEYWORD>, SPESHULIST, SPANNER",0,2,3,0,,,SEEK & DESTROY,183,Speshulist,Greenskin
Clan Kommando Fighter,3,â—¯,2,1,3,0,5,10,"GREENSKINðŸ’€, ORK, <ENTER CUSTOM KEYWORD>, CLAN KOMMANDO, FIGHTER",1,0,0,4,,,SEEK & DESTROYINFILTRATION,179,Clan Kommando,Greenskin
Clan Kommando Nob,3,â—¯,2,1,3,0,4,13,"GREENSKINðŸ’€, ORK, <ENTER CUSTOM KEYWORD>, LEADER. CLAN KOMMANDO, KOMMANDO NOB",1,2,0,0,,,SEEK & DESTROYINFILTRATION,180,Clan Kommando,Greenskin
Kommando Boy,3,â—¯,2,1,3,0,5,10,"KOMMANDOðŸ’€, ORK, <ENTER CUSTOM KEYWORD>, KOMMANDO BOY",1,2,0,4,,,SEEK & DESTROYINFILTRATION,184,Kommando,Kommando
Kommando Slasha Boy,3,â—¯,2,1,3,0,5,10,"KOMMANDOðŸ’€, ORK, <ENTER CUSTOM KEYWORD>, SLASHA BOY",1,2,0,4,"DAT ALL YOU GOT?: Each time after this operative fights in combat, if it lost any wounds in that combat but was not incapacitated, you can roll one D6: on a 4+, the enemy operative that fought it in that combat suffers 2 mortal wounds. ",,SEEK & DESTROYINFILTRATION,185,Kommando,Kommando
Kommando Breacha Boy,3,â—¯,2,1,3,0,5,10,"KOMMANDOðŸ’€, ORK, <ENTER CUSTOM KEYWORD>, BREACHA BOY",1,2,0,0,"BULL CHARGE: Each time this operative fights in combat, if it made a charge move during that activation, its power ram gains the critical hit rule for that combat. 
BREACH: Each time this operative performs a Normal Move, Dash or Charge action, it can move through parts of terrain features that are no more than â–² thick as if they were not there.",,SEEK & DESTROYINFILTRATION,186,Kommando,Kommando
Kommando Snipa Boy,3,â—¯,2,1,3,0,5,10,"KOMMANDOðŸ’€, ORK, <ENTER CUSTOM KEYWORD>, SNIPA BOY",0,0,3,0,,"AV IT! (2AP): Perform a free Shoot action with this operative using its scoped big shoota. After making the shooting attack against the target, this operative can make a shooting attack against each other valid target within â—¯ of the original target. Each time this operative makes a shooting attack for this action, subtract 2 from the Attacks characteristic of its scoped big shoota for that shooting attack. 
DA BEST SPOT (2AP): Perform a free Shoot action with this operative using its scoped big shoota, even if it has a Conceal order.",SEEK & DESTROYINFILTRATION,187,Kommando,Kommando
Kommando Dakka Boy,3,â—¯,2,1,3,0,5,10,"KOMMANDOðŸ’€, ORK, <ENTER CUSTOM KEYWORD>, DAKKA BOY",0,0,3,4,"*UNLOAD SLUGS: Each time this operative makes a shooting attack with this weapon, in the Roll Attack Dice step of that shooting attack, if the target is within â¬Ÿ of it, you can re-roll any or all of your attack dice.",DAKKA DASH (1AP): Perform a free Shoot action and free Dash action with this operative in any order. ,SEEK & DESTROYINFILTRATION,188,Kommando,Kommando
Kommando Comms Boy,3,â—¯,2,1,3,0,5,10,"KOMMANDOðŸ’€, ORK, <ENTER CUSTOM KEYWORD>, COMMS BOY",0,2,0,4,"I GOT A PLAN, LADZ: Once per Turning Point, during this operative's activation, it can perform a mission or Pick Up action for one less AP (to a minimum of 0AP). ",LISTEN IN (1AP): Select one friendly KOMMANDOðŸ’€ operative within â¬Ÿ of and Visible to this operative. Add 1 to its APL. This operative cannot perform this action if it is within Engagement Range of an enemy operative. ,SEEK & DESTROYINFILTRATION,189,Kommando,Kommando
Kommando Burna Boy,3,â—¯,2,1,3,0,5,10,"KOMMANDOðŸ’€, ORK, <ENTER CUSTOM KEYWORD>, BURNA BOY",1,2,3,0,,,SEEK & DESTROYINFILTRATION,190,Kommando,Kommando
Kommando Rokkit Boy,3,â—¯,2,1,3,0,5,10,"KOMMANDOðŸ’€, ORK, <ENTER CUSTOM KEYWORD>, BURNA BOY",0,0,3,0,"BOOM BOY: Each time this operative performs a Shoot action during its activation, in the Roll Attack Dice step of that action's shooting attack, if it has not moved during that activation, you can re-roll any or all of your attack dice. ",,SEEK & DESTROYINFILTRATION,191,Kommando,Kommando
Kommando Grot,3,â—¯,2,1,3,0,5,5,"KOMMANDOðŸ’€, ORK, <ENTER CUSTOM KEYWORD>, KOMMANDO GROT",0,0,0,4,"SNEAKY ZOGGER: This operative cannot have an Engage order. In addition, this operative is always treated as having a Conceal order, regardless of any other rules (e.g. Vantage Point). ","GRAPPLING HOOK (1AP): Select a point on a terrain feature that is Visible to this operative (treat that point as an intended target). Perform a free Normal Move action with this operative, moving in a single straight line with an unlimited Movement as though it can FLY. It must finish that move within â–² of that point. ",SEEK & DESTROYINFILTRATION,192,Kommando,Kommando
Bomb Squig,3,â—¯,2,1,3,0,6,6,"KOMMANDOðŸ’€, ORK, <ENTER CUSTOM KEYWORD>, BOMB SQUIG",0,0,0,0,"*BOMB SQUIG: This operative can perform a Shoot action with this weapon if it is within Engagement Range of an enemy operative. When this operative performs a Shoot action and selects this ranged weapon, make a shooting attack against each other operative Visible to and within â—¯ of it (even if it has friendly operatives within its Engagement Range) with this weapon â€”each of them is a valid target and cannot be in Cover. After all of those shooting attacks have been made, this operative is incapacitated and do not roll for its BOOM! ability. This operative cannot make a shooting attack with this weapon by performing an Overwatch action.","BOOM!: If this operative is incapacitated, roll one D6: on a 3+, it makes a shooting attack using its dynamite.
STOOPID: This operative cannot perform mission actions, cannot perform the Pick Up action and cannot have a Conceal order. It cannot be equipped with equipment. In narrative play, it cannot gain (or lose) experience and automatically passes Casualty tests. ",SEEK & DESTROYINFILTRATION,193,Kommando,Kommando
Kommando Nob,3,â—¯,2,1,3,0,4,13,"KOMMANDOðŸ’€, ORK, <ENTER CUSTOM KEYWORD>, KOMMANDO NOB, LEADER",1,2,0,0,"GET IT DUN!: Each time this operative is activated, you can select one friendly KOMMANDOðŸ’€, operative within â¬Ÿ of and Visible to it. Add 1 to the selected operative's APL. ",,SEEK & DESTROYINFILTRATION,194,Kommando,Kommando
Necron Warrior,2,â—¯,2,1,3,0,4,9,"TOMB WORLDðŸ’€, NECRON, <ENTER CUSTOM KEYWORD>, NECRON WARRIOR",0,2,3,0,LIVING METAL,-0,SECURITY,195,Necron Warrior,Tomb World
Immortal Warrior,2,â—¯,2,1,3,0,3,10,"TOMB WORLDðŸ’€, NECRON, <ENTER CUSTOM KEYWORD>, IMMORTAL, WARRIOR",0,2,3,0,LIVING METAL,-0,SECURITYSEEK & DESTROY,196,Immortal,Tomb World
Immortal Leader,2,â—¯,2,1,3,0,3,10,"TOMB WORLDðŸ’€, NECRON, <ENTER CUSTOM KEYWORD>, IMMORTAL, LEADER",0,2,3,0,LIVING METAL,-0,SECURITYSEEK & DESTROY,197,Immortal,Tomb World
Flayed One Warrior,2,â—¯,2,1,3,0,4,9,"TOMB WORLDðŸ’€, NECRON, <ENTER CUSTOM KEYWORD>, FLAYED ONE, WARRIOR",1,0,0,4,LIVING METAL,-0,SECURITYINFILTRATION,198,Flayed One,Tomb World
Flayed One Leader,2,â—¯,2,1,3,0,4,10,"TOMB WORLDðŸ’€, NECRON, <ENTER CUSTOM KEYWORD>, FLAYED ONE, LEADER",1,0,0,4,LIVING METAL,-0,SECURITYINFILTRATION,199,Flayed One,Tomb World
Deathmark Warrior,2,â—¯,2,1,3,0,3,10,"TOMB WORLDðŸ’€, NECRON, <ENTER CUSTOM KEYWORD>, DEATHMARK, WARRIOR",0,0,3,4,LIVING METAL,-0,SEEK & DESTROYRECON,200,Deathmark,Tomb World
Deathmark Leader,2,â—¯,2,1,3,0,3,11,"TOMB WORLDðŸ’€, NECRON, <ENTER CUSTOM KEYWORD>, DEATHMARK, LEADER",0,0,3,4,LIVING METAL,-0,SEEK & DESTROYRECON,201,Deathmark,Tomb World
Fire Warrior Shasla,3,â—¯,2,1,3,0,4,7,"HUNTER CADREðŸ’€, TAU, <ENTER CUSTOM KEYWORD>, FIRE WARRIOR, SHASLA",0,0,3,0,,,SECURITY,202,Fire Warrior,Hunter Cadre
Fire Warrior Shasui,3,â—¯,2,1,3,0,4,8,"HUNTER CADREðŸ’€, TAU, <ENTER CUSTOM KEYWORD>, LEADER, FIRE WARRIOR, SHASUI",0,0,3,0,,,SECURITY,203,Fire Warrior,Hunter Cadre
Pathfinder Shasla,3,â—¯,2,1,3,0,5,7,"HUNTER CADREðŸ’€, TAU, <ENTER CUSTOM KEYWORD>, PATHFINDER, SHASLA",0,0,3,4,,MARKERLIGHT (1AP),RECON,204,Pathfinder,Hunter Cadre
Pathfinder Heavy Gunner,3,â—¯,2,1,3,0,5,7,"HUNTER CADREðŸ’€, TAU, <ENTER CUSTOM KEYWORD>, PATHFINDER, HEAVY GUNNER",0,0,3,4,,,RECON,205,Pathfinder,Hunter Cadre
Pathfinder Shasui,3,â—¯,2,1,3,0,5,8,"HUNTER CADREðŸ’€, TAU, <ENTER CUSTOM KEYWORD>, LEADER, PATHFINDER, SHASUI",0,0,3,4,,MARKERLIGHT (1AP),RECON,206,Pathfinder,Hunter Cadre
Stealth Battlesuit Shasui,3,â—¯,2,1,3,0,3,10,"HUNTER CADREðŸ’€, TAU, <ENTER CUSTOM KEYWORD>, FLY, STEALTH BATTLESUIT, SHASUI",0,0,3,4,"CAMOUFLAGE FIELD: Each time an enemy operative makes a shooting attack, unless it is within â—¯ of this operative or it is a subsequent attack made as a result of the Blast special rule, this operative is always treated as being in Cover for that shooting attack. While this operative has a Conceal order, it is always treated as having a Conceal order, regardless of any other rules (e.g. Vantage Point).",,RECONINFILTRATION,207,Stealth Battlesuit,Hunter Cadre
Stealth Battlesuit Shasvre,3,â—¯,2,1,3,0,3,10,"HUNTER CADREðŸ’€, TAU, <ENTER CUSTOM KEYWORD>, FLY, LEADER, STEALTH BATTLESUIT, SHASVRE",0,0,3,4,"CAMOUFLAGE FIELD: Each time an enemy operative makes a shooting attack, unless it is within â—¯ of this operative or it is a subsequent attack made as a result of the Blast special rule, this operative is always treated as being in Cover for that shooting attack. While this operative has a Conceal order, it is always treated as having a Conceal order, regardless of any other rules (e.g. Vantage Point).",,RECONINFILTRATION,208,Stealth Battlesuit,Hunter Cadre
MV1 GUN DRONE,3,â—¯,2,1,3,0,4,7,"HUNTER CADREðŸ’€, TAU, <ENTER CUSTOM KEYWORD>, DRONE, FLY, MV1 GUN DRONE",0,0,3,0,"ARTIFICIAL INTELLIGENCE, SAVIOR PROTOCOLS",,,209,Drone,Hunter Cadre
MV4 SHIELD DRONE,3,â—¯,2,1,3,0,4,7,"HUNTER CADREðŸ’€, TAU, <ENTER CUSTOM KEYWORD>, DRONE, FLY, MV4 SHIELD DRONE",0,2,0,0,"ARTIFICIAL INTELLIGENCE, SAVIOR PROTOCOLS
SHIELD GENERATOR: This operative has a 4+ invulnerable save. Each time this operative would lose a wound that is not as a result of a mortal wound, roll one D6: on a 5+, that wound is not lost. ",,,210,Drone,Hunter Cadre
MV36 GUARDIAN DRONE,3,â—¯,2,1,3,0,4,7,"HUNTER CADREðŸ’€, TAU, <ENTER CUSTOM KEYWORD>, DRONE, FLY, MV36 GUARDIAN DRONE",0,2,0,0,"ARTIFICIAL INTELLIGENCE, SAVIOR PROTOCOLS
GUARDIAN SHIELD GENERATOR: This Operative has a 5+ Invulnerable Save","GUARDIAN FIELD (1AP): Until this Operative is next activated, while a friendly HUNTER CADREðŸ’€ operative is within â–  of this Operative, it has a 5+ invulnerable save.",,211,Drone,Hunter Cadre
MV31 PULSE ACCELERATOR DRONE,3,â—¯,2,1,3,0,4,7,"HUNTER CADREðŸ’€, TAU, <ENTER CUSTOM KEYWORD>, DRONE, FLY, MV31 PULSE ACCELERATOR DRONE",0,2,0,4,"ARTIFICIAL INTELLIGENCE, SAVIOR PROTOCOLS
PULSE ACCELERATOR: While a friendly HUNTER CADREðŸ’€ operative is within â–  of this operative, pulse weapons that friendly operative is equipped with are accelerated. While a pulse weapon is accelerated, each time a shooting attack is made with it, in the Roll Attack Dice step of that shooting attack, before rolling your attack dice, you can retain one as a successful normal hit without rolling it. A pulse weapon is a ranged weapon that includes the word 'pulse' in its name, e.g. pulse carbine.",,,212,Drone,Hunter Cadre
MV33 GRAV INHIBITOR DRONE,3,â—¯,2,1,3,0,4,7,"HUNTER CADREðŸ’€, TAU, <ENTER CUSTOM KEYWORD>, DRONE, FLY, MV33 GRAV-INHIBITOR DRONE",0,2,0,4,"ARTIFICIAL INTELLIGENCE, SAVIOR PROTOCOLS
GRAV-INHIBITOR: Each time an enemy operative performs a Charge action, if it would move within â¬Ÿ of this operative, only add â–² to the additional distance it can move, instead of â—¯ Each time an enemy operative performs a Dash action, if it would move within â¬Ÿ of this operative, it can only move up to â—¯, instead of up to â–  ","GRAV-WAVE (lAP): Place a gray-wave token within â¬Ÿ of and Visible to this operative. Until the start of this operative's next activation, while a friendly HUNTER CADREðŸ’€ operative is within â—¯ of the centre of that token, it can perform Fall Back actions for one less AP Ito a minimum of 0AP).",,213,Drone,Hunter Cadre
MV7 MARKER DRONE,3,â—¯,2,1,3,0,4,7,"HUNTER CADREðŸ’€, TAU, <ENTER CUSTOM KEYWORD>, DRONE, FLY, MV7 MARKER DRONE",0,0,3,0,"ARTIFICIAL INTELLIGENCE, SAVIOR PROTOCOLS",MARKERLIGHT (1AP),,214,Drone,Hunter Cadre
MB3 RECON DRONE,3,â—¯,2,1,4,0,4,12,"HUNTER CADREðŸ’€, TAU, <ENTER CUSTOM KEYWORD>, DRONE, FLY, MB3 RECON DRONE",0,2,3,4,"ARTIFICIAL INTELLIGENCE, SAVIOR PROTOCOLS","Analyse (1AP): Select one enemy operative Visible to this operative, then select one other ready friendly HUNTER CADREðŸ’€ operative that is not within Engagement Range of enemy operatives. After this operative's activation ends, you can activate that other friendly operative, and during its next activation, each time it makes a shooting attack against that enemy operative, in the Roll Attack Dice step of that shooting attack, you can re-roll any or all of your attack dice. This operative cannot perform this action while within Engagement Range of enemy operatives. ",,215,Drone,Hunter Cadre
DS TACTICAL SUPPORT TURRET,0,â—¯,1,1,4,0,4,9,"HUNTER CADREðŸ’€, TAU, <ENTER CUSTOM KEYWORD>, DRONE, FLY, DS TACTICAL SUPPORT TURRET",0,2,3,0,"ARTIFICIAL INTELLIGENCE, SAVIOR PROTOCOLS
Support Turret: This operative cannot have a Conceal order and can only perform Shoot and Overwatch actions. It cannot fight in combat (do not select a weapon or roll any attack dice for it) and cannot provide combat support. ","*Smart Targeting: Each time this operative makes a shooting attack with this weapon, you can use this special rule. If you do so, for that shooting attack: 
â€¢ Enemy operatives with an Engage order that are not within Engagement Range of friendly operatives are valid targets and cannot be in Cover. 
â€¢ In the Roll Attack Dice step of that shooting attack, attack dice results of 6 are successful normal hits. All other attack dice results are failed hits. ",,216,Drone,Hunter Cadre
